"TreeNo","NoRates","RootState","NoGains","NoLosses","MaxAgeStartLich","MaxAgeEndLich","GainNodeBegin_1","GainNodeBegin_2","GainNodeBegin_3","GainNodeBegin_4","GainNodeBegin_5","GainNodeBegin_6","GainNodeBegin_7","GainNodeBegin_8","GainNodeBegin_9","GainNodeBegin_10","GainNodeBegin_11","GainNodeBegin_12","GainNodeBegin_13","GainNodeBegin_14","GainNodeBegin_15","GainNodeBegin_16","GainNodeBegin_17","GainNodeBegin_18","GainNodeBegin_19","GainNodeBegin_20","GainNodeBegin_21","GainNodeBegin_22","GainNodeBegin_23","GainNodeBegin_24","GainNodeBegin_25","GainNodeEnd_1","GainNodeEnd_2","GainNodeEnd_3","GainNodeEnd_4","GainNodeEnd_5","GainNodeEnd_6","GainNodeEnd_7","GainNodeEnd_8","GainNodeEnd_9","GainNodeEnd_10","GainNodeEnd_11","GainNodeEnd_12","GainNodeEnd_13","GainNodeEnd_14","GainNodeEnd_15","GainNodeEnd_16","GainNodeEnd_17","GainNodeEnd_18","GainNodeEnd_19","GainNodeEnd_20","GainNodeEnd_21","GainNodeEnd_22","GainNodeEnd_23","GainNodeEnd_24","GainNodeEnd_25","GainBegin_1","GainBegin_2","GainBegin_3","GainBegin_4","GainBegin_5","GainBegin_6","GainBegin_7","GainBegin_8","GainBegin_9","GainBegin_10","GainBegin_11","GainBegin_12","GainBegin_13","GainBegin_14","GainBegin_15","GainBegin_16","GainBegin_17","GainBegin_18","GainBegin_19","GainBegin_20","GainBegin_21","GainBegin_22","GainBegin_23","GainBegin_24","GainBegin_25","GainEnd_1","GainEnd_2","GainEnd_3","GainEnd_4","GainEnd_5","GainEnd_6","GainEnd_7","GainEnd_8","GainEnd_9","GainEnd_10","GainEnd_11","GainEnd_12","GainEnd_13","GainEnd_14","GainEnd_15","GainEnd_16","GainEnd_17","GainEnd_18","GainEnd_19","GainEnd_20","GainEnd_21","GainEnd_22","GainEnd_23","GainEnd_24","GainEnd_25","LossNodeBegin_1","LossNodeBegin_2","LossNodeBegin_3","LossNodeBegin_4","LossNodeBegin_5","LossNodeBegin_6","LossNodeBegin_7","LossNodeBegin_8","LossNodeBegin_9","LossNodeBegin_10","LossNodeBegin_11","LossNodeBegin_12","LossNodeBegin_13","LossNodeBegin_14","LossNodeBegin_15","LossNodeBegin_16","LossNodeBegin_17","LossNodeBegin_18","LossNodeBegin_19","LossNodeBegin_20","LossNodeBegin_21","LossNodeBegin_22","LossNodeBegin_23","LossNodeBegin_24","LossNodeBegin_25","LossNodeEnd_1","LossNodeEnd_2","LossNodeEnd_3","LossNodeEnd_4","LossNodeEnd_5","LossNodeEnd_6","LossNodeEnd_7","LossNodeEnd_8","LossNodeEnd_9","LossNodeEnd_10","LossNodeEnd_11","LossNodeEnd_12","LossNodeEnd_13","LossNodeEnd_14","LossNodeEnd_15","LossNodeEnd_16","LossNodeEnd_17","LossNodeEnd_18","LossNodeEnd_19","LossNodeEnd_20","LossNodeEnd_21","LossNodeEnd_22","LossNodeEnd_23","LossNodeEnd_24","LossNodeEnd_25","LossBegin_1","LossBegin_2","LossBegin_3","LossBegin_4","LossBegin_5","LossBegin_6","LossBegin_7","LossBegin_8","LossBegin_9","LossBegin_10","LossBegin_11","LossBegin_12","LossBegin_13","LossBegin_14","LossBegin_15","LossBegin_16","LossBegin_17","LossBegin_18","LossBegin_19","LossBegin_20","LossBegin_21","LossBegin_22","LossBegin_23","LossBegin_24","LossBegin_25","LossEnd_1","LossEnd_2","LossEnd_3","LossEnd_4","LossEnd_5","LossEnd_6","LossEnd_7","LossEnd_8","LossEnd_9","LossEnd_10","LossEnd_11","LossEnd_12","LossEnd_13","LossEnd_14","LossEnd_15","LossEnd_16","LossEnd_17","LossEnd_18","LossEnd_19","LossEnd_20","LossEnd_21","LossEnd_22","LossEnd_23","LossEnd_24","LossEnd_25"
66,"2Rate","Non",19,4,296.72,253.905123,318,392,394,397,399,405,406,406,476,505,506,553,556,559,573,568,578,581,383,NA,NA,NA,NA,NA,NA,12,81,396,398,400,97,407,475,477,193,194,554,557,560,263,268,579,582,587,NA,NA,NA,NA,NA,NA,286.0611,68.4227770000001,132.31,136.23,102.707546,276.010563,271.67,271.67,284.004028,92.7199990000001,65.9632460000001,114.9,205.882281,242.123281,98.6274100000001,154.358651,221.5,214.18,296.72,NA,NA,NA,NA,NA,NA,0,0,83.3200000000001,43.68,51.91,0,253.905123,107.47,239.046178,0,0,107,120.930916,127.17,0,0,164.635719,151.59,247.03,NA,NA,NA,NA,NA,NA,451,463,460,459,NA,NA,NA,NA,NA,NA,NA,NA,NA,NA,NA,NA,NA,NA,NA,NA,NA,NA,NA,NA,NA,141,164,165,166,NA,NA,NA,NA,NA,NA,NA,NA,NA,NA,NA,NA,NA,NA,NA,NA,NA,NA,NA,NA,NA,141.565899,169.486877,176.080645,188.029458,NA,NA,NA,NA,NA,NA,NA,NA,NA,NA,NA,NA,NA,NA,NA,NA,NA,NA,NA,NA,NA,0,0,0,0,NA,NA,NA,NA,NA,NA,NA,NA,NA,NA,NA,NA,NA,NA,NA,NA,NA,NA,NA,NA,NA
138,"2Rate","Non",19,5,256.88,231.81,318,392,394,397,399,405,405,476,505,506,554,554,556,559,573,568,578,578,383,NA,NA,NA,NA,NA,NA,12,81,396,398,400,97,406,477,193,194,245,246,557,560,263,268,579,581,587,NA,NA,NA,NA,NA,NA,250.265998,68.642473,119.73,144.69,110.534113,244.53715,244.53715,234.345898,96.43,68.859684,85.78,85.78,172.713404,198.129278,59.00256,87.205956,179.45,179.45,256.88,NA,NA,NA,NA,NA,NA,0,0,87.55,67.6,55.98,0,231.81,170.132045,0,0,0,0,103.789262,139.73,0,0,119.408898,169.34,207.19,NA,NA,NA,NA,NA,NA,451,463,460,459,581,NA,NA,NA,NA,NA,NA,NA,NA,NA,NA,NA,NA,NA,NA,NA,NA,NA,NA,NA,NA,141,164,165,166,281,NA,NA,NA,NA,NA,NA,NA,NA,NA,NA,NA,NA,NA,NA,NA,NA,NA,NA,NA,NA,122.417683,148.706413,154.495467,168.352565,169.34,NA,NA,NA,NA,NA,NA,NA,NA,NA,NA,NA,NA,NA,NA,NA,NA,NA,NA,NA,NA,0,0,0,0,0,NA,NA,NA,NA,NA,NA,NA,NA,NA,NA,NA,NA,NA,NA,NA,NA,NA,NA,NA,NA
153,"2Rate","Non",18,4,312.33,284.04,318,392,394,397,399,405,405,476,505,506,553,556,559,573,568,578,581,383,NA,NA,NA,NA,NA,NA,NA,12,81,396,398,400,97,406,477,193,194,554,557,560,263,268,579,582,587,NA,NA,NA,NA,NA,NA,NA,300.056619,71.241616,149.86,146.81,104.826044,296.1145,296.1145,300.876676,52.659999,37.48289,87.16,226.200038,269.458744,79.8163029999999,119.755471,249.75,220.9,312.33,NA,NA,NA,NA,NA,NA,NA,0,0,91.81,41.98,46.97,0,284.04,236.415891,0,0,57.67,133.552781,200.570001,0,0,97.4853709999999,199.91,249.8,NA,NA,NA,NA,NA,NA,NA,451,463,460,459,NA,NA,NA,NA,NA,NA,NA,NA,NA,NA,NA,NA,NA,NA,NA,NA,NA,NA,NA,NA,NA,141,164,165,166,NA,NA,NA,NA,NA,NA,NA,NA,NA,NA,NA,NA,NA,NA,NA,NA,NA,NA,NA,NA,NA,142.752269,174.62175,184.199902,197.890864,NA,NA,NA,NA,NA,NA,NA,NA,NA,NA,NA,NA,NA,NA,NA,NA,NA,NA,NA,NA,NA,0,0,0,0,NA,NA,NA,NA,NA,NA,NA,NA,NA,NA,NA,NA,NA,NA,NA,NA,NA,NA,NA,NA,NA
228,"2Rate","Non",16,6,284.7,250.53,318,392,394,390,405,405,476,505,506,553,556,559,573,568,558,383,NA,NA,NA,NA,NA,NA,NA,NA,NA,12,81,396,397,97,406,477,193,194,554,557,560,263,268,578,587,NA,NA,NA,NA,NA,NA,NA,NA,NA,268.236972,59.326692,115.55,175.67,261.03515,261.03515,271.845407,106.54,77.177973,86.12,199.860608,226.959228,50.1770750000001,78.210652,245.609936,284.7,NA,NA,NA,NA,NA,NA,NA,NA,NA,0,0,71.72,111.46,0,250.53,223.591755,0,0,76.44,117.668284,149.48,0,0,184.6,237.36,NA,NA,NA,NA,NA,NA,NA,NA,NA,399,451,463,460,459,581,NA,NA,NA,NA,NA,NA,NA,NA,NA,NA,NA,NA,NA,NA,NA,NA,NA,NA,NA,89,141,164,165,166,281,NA,NA,NA,NA,NA,NA,NA,NA,NA,NA,NA,NA,NA,NA,NA,NA,NA,NA,NA,86.642103,147.212066,185.273588,192.673302,202.860918,178.45,NA,NA,NA,NA,NA,NA,NA,NA,NA,NA,NA,NA,NA,NA,NA,NA,NA,NA,NA,0,0,0,0,0,0,NA,NA,NA,NA,NA,NA,NA,NA,NA,NA,NA,NA,NA,NA,NA,NA,NA,NA,NA
244,"2Rate","Non",18,4,290.82,250.97,318,392,394,397,399,405,405,476,505,506,553,556,559,573,568,578,581,383,NA,NA,NA,NA,NA,NA,NA,12,81,396,398,400,97,406,477,193,194,554,557,560,263,268,579,582,587,NA,NA,NA,NA,NA,NA,NA,279.542669,59.735876,134.94,151.8,132.244165,272.261762,272.261762,276.252558,131.189999,94.915506,115.71,203.6805,227.971552,50.007468,78.653188,211.25,200.94,290.82,NA,NA,NA,NA,NA,NA,NA,0,0,80.44,38.79,99.67,0,250.97,228.408592,0,0,94.34,120.0618,136.27,0,0,141.156862,156.86,212.8,NA,NA,NA,NA,NA,NA,NA,451,463,460,459,NA,NA,NA,NA,NA,NA,NA,NA,NA,NA,NA,NA,NA,NA,NA,NA,NA,NA,NA,NA,NA,141,164,165,166,NA,NA,NA,NA,NA,NA,NA,NA,NA,NA,NA,NA,NA,NA,NA,NA,NA,NA,NA,NA,NA,139.92775,154.775874,163.337605,180.624787,NA,NA,NA,NA,NA,NA,NA,NA,NA,NA,NA,NA,NA,NA,NA,NA,NA,NA,NA,NA,NA,0,0,0,0,NA,NA,NA,NA,NA,NA,NA,NA,NA,NA,NA,NA,NA,NA,NA,NA,NA,NA,NA,NA,NA
364,"2Rate","Non",19,5,278.94,227.71,318,392,394,397,399,405,406,406,477,477,505,506,553,556,559,573,568,558,383,NA,NA,NA,NA,NA,NA,12,81,396,398,400,97,407,475,170,171,193,194,554,557,560,263,268,578,587,NA,NA,NA,NA,NA,NA,267.472642,47.6127609999999,100.38,128.83,108.85965,262.00156,251.23,251.23,238.113298,238.113298,81.5599999999999,57.6324739999999,119.96,208.208789,227.589441,71.8577489999999,112.995635,245.837806,278.94,NA,NA,NA,NA,NA,NA,0,0,82.23,38.2,75.92,0,212.661162,75.45,0,0,0,0,86.8,123.399325,136.759999,0,0,182.279999,227.71,NA,NA,NA,NA,NA,NA,451,463,460,459,581,NA,NA,NA,NA,NA,NA,NA,NA,NA,NA,NA,NA,NA,NA,NA,NA,NA,NA,NA,NA,141,164,165,166,281,NA,NA,NA,NA,NA,NA,NA,NA,NA,NA,NA,NA,NA,NA,NA,NA,NA,NA,NA,NA,144.652619,175.915879,180.170035,185.648699,155.289999,NA,NA,NA,NA,NA,NA,NA,NA,NA,NA,NA,NA,NA,NA,NA,NA,NA,NA,NA,NA,0,0,0,0,0,NA,NA,NA,NA,NA,NA,NA,NA,NA,NA,NA,NA,NA,NA,NA,NA,NA,NA,NA,NA
683,"2Rate","Non",16,6,318.04,267.97,318,392,394,390,405,405,476,505,506,553,556,559,573,568,558,383,NA,NA,NA,NA,NA,NA,NA,NA,NA,12,81,396,397,97,406,477,193,194,554,557,560,263,268,578,587,NA,NA,NA,NA,NA,NA,NA,NA,NA,312.689732,71.378967,147.99,193.15,276.401446,276.401446,302.417934,105.86,74.516869,111.719999,223.613755,234.482015,58.559365,92.332261,266.157476,318.04,NA,NA,NA,NA,NA,NA,NA,NA,NA,0,0,98.36,120.01,0,267.97,228.124634,0,0,84.259999,133.592632,118.34,0,0,196.09,234.64,NA,NA,NA,NA,NA,NA,NA,NA,NA,399,451,463,460,459,581,NA,NA,NA,NA,NA,NA,NA,NA,NA,NA,NA,NA,NA,NA,NA,NA,NA,NA,NA,89,141,164,165,166,281,NA,NA,NA,NA,NA,NA,NA,NA,NA,NA,NA,NA,NA,NA,NA,NA,NA,NA,NA,113.159957,151.672275,192.576575,197.066939,209.883895,167.18,NA,NA,NA,NA,NA,NA,NA,NA,NA,NA,NA,NA,NA,NA,NA,NA,NA,NA,NA,0,0,0,0,0,0,NA,NA,NA,NA,NA,NA,NA,NA,NA,NA,NA,NA,NA,NA,NA,NA,NA,NA,NA
722,"2Rate","Non",16,6,338.78,267.35,318,392,394,390,405,405,476,505,506,553,556,559,573,568,558,383,NA,NA,NA,NA,NA,NA,NA,NA,NA,12,81,396,397,97,406,477,193,194,554,557,560,263,268,578,587,NA,NA,NA,NA,NA,NA,NA,NA,NA,325.061262,86.171303,153.03,236.66,315.27035,315.27035,314.407587,87.330001,60.74506,87.410001,228.43204,251.124734,76.097427,111.567013,277.273637,338.78,NA,NA,NA,NA,NA,NA,NA,NA,NA,0,0,87.33,139.85,0,245.66,232.7164,0,0,75.210001,135.250898,143.929999,0,0,214.969999,267.35,NA,NA,NA,NA,NA,NA,NA,NA,NA,399,451,463,460,459,581,NA,NA,NA,NA,NA,NA,NA,NA,NA,NA,NA,NA,NA,NA,NA,NA,NA,NA,NA,89,141,164,165,166,281,NA,NA,NA,NA,NA,NA,NA,NA,NA,NA,NA,NA,NA,NA,NA,NA,NA,NA,NA,111.596379,128.902768,169.594024,175.982752,185.924349,199.749999,NA,NA,NA,NA,NA,NA,NA,NA,NA,NA,NA,NA,NA,NA,NA,NA,NA,NA,NA,0,0,0,0,0,0,NA,NA,NA,NA,NA,NA,NA,NA,NA,NA,NA,NA,NA,NA,NA,NA,NA,NA,NA
780,"2Rate","Non",18,5,318.66,268.75,318,392,394,390,405,405,477,477,505,506,553,556,559,573,568,578,581,383,NA,NA,NA,NA,NA,NA,NA,12,81,396,397,97,406,170,171,193,194,554,557,560,263,268,579,582,587,NA,NA,NA,NA,NA,NA,NA,289.383953,60.5432970000001,115.13,181.84,278.759722,278.759722,235.862084,235.862084,109.41,78.045134,84.14,213.159868,243.002079,57.1737199999999,90.045444,231.15,191.43,318.66,NA,NA,NA,NA,NA,NA,NA,0,0,81.2400000000001,124.31,0,268.75,0,0,0,0,68.46,125.995608,164.49,0,0,177.330871,139.93,263.74,NA,NA,NA,NA,NA,NA,NA,399,451,463,460,459,NA,NA,NA,NA,NA,NA,NA,NA,NA,NA,NA,NA,NA,NA,NA,NA,NA,NA,NA,NA,89,141,164,165,166,NA,NA,NA,NA,NA,NA,NA,NA,NA,NA,NA,NA,NA,NA,NA,NA,NA,NA,NA,NA,98.75521,135.845893,154.970159,162.092658,177.139592,NA,NA,NA,NA,NA,NA,NA,NA,NA,NA,NA,NA,NA,NA,NA,NA,NA,NA,NA,NA,0,0,0,0,0,NA,NA,NA,NA,NA,NA,NA,NA,NA,NA,NA,NA,NA,NA,NA,NA,NA,NA,NA,NA
787,"2Rate","Non",19,4,303.2,269.58,318,392,394,397,399,405,405,477,477,505,506,553,556,559,573,568,578,581,383,NA,NA,NA,NA,NA,NA,12,81,396,398,400,97,406,170,171,193,194,554,557,560,263,268,579,582,587,NA,NA,NA,NA,NA,NA,272.803314,69.386663,107.92,134.98,104.245531,272.470628,272.470628,248.34907,248.34907,93.579999,66.282599,95.38,219.583865,248.153594,57.705442,90.883792,222.14,198.86,303.2,NA,NA,NA,NA,NA,NA,0,0,85.46,47.53,57.22,0,262.85,0,0,0,0,55.77,129.936334,179.52,0,0,143.430614,146.01,269.58,NA,NA,NA,NA,NA,NA,451,463,460,459,NA,NA,NA,NA,NA,NA,NA,NA,NA,NA,NA,NA,NA,NA,NA,NA,NA,NA,NA,NA,NA,141,164,165,166,NA,NA,NA,NA,NA,NA,NA,NA,NA,NA,NA,NA,NA,NA,NA,NA,NA,NA,NA,NA,NA,150.276877,182.333147,188.959738,197.660147,NA,NA,NA,NA,NA,NA,NA,NA,NA,NA,NA,NA,NA,NA,NA,NA,NA,NA,NA,NA,NA,0,0,0,0,NA,NA,NA,NA,NA,NA,NA,NA,NA,NA,NA,NA,NA,NA,NA,NA,NA,NA,NA,NA,NA
1025,"2Rate","Non",17,5,337.53,282.52,318,392,394,390,405,405,476,505,506,553,556,559,573,568,578,581,383,NA,NA,NA,NA,NA,NA,NA,NA,12,81,396,397,97,406,477,193,194,554,557,560,263,268,579,582,587,NA,NA,NA,NA,NA,NA,NA,NA,311.006031,64.697778,146.47,209.81,311.487547,311.487547,317.77976,101.71,71.078336,107.83,239.620388,258.817396,60.2928,84.62891,245.409999,219.149999,337.53,NA,NA,NA,NA,NA,NA,NA,NA,0,0,75.46,119.55,0,282.52,244.812076,0,0,85.06,144.785648,139.809999,0,0,161.040842,160.999999,273,NA,NA,NA,NA,NA,NA,NA,NA,399,451,463,460,459,NA,NA,NA,NA,NA,NA,NA,NA,NA,NA,NA,NA,NA,NA,NA,NA,NA,NA,NA,NA,89,141,164,165,166,NA,NA,NA,NA,NA,NA,NA,NA,NA,NA,NA,NA,NA,NA,NA,NA,NA,NA,NA,NA,96.946057,152.224393,189.633776,197.479913,211.89008,NA,NA,NA,NA,NA,NA,NA,NA,NA,NA,NA,NA,NA,NA,NA,NA,NA,NA,NA,NA,0,0,0,0,0,NA,NA,NA,NA,NA,NA,NA,NA,NA,NA,NA,NA,NA,NA,NA,NA,NA,NA,NA,NA
1165,"2Rate","Non",18,5,300.95,244.13,318,392,394,397,399,405,405,477,477,505,506,553,556,559,573,568,558,383,NA,NA,NA,NA,NA,NA,NA,12,81,396,398,400,97,406,170,171,193,194,554,557,560,263,268,578,587,NA,NA,NA,NA,NA,NA,NA,295.348636,64.618489,132.57,112.41,85.54506,271.85775,271.85775,248.423348,248.423348,83.429999,58.94236,103.25,217.991468,242.991187,72.982764,114.80262,262.46142,300.95,NA,NA,NA,NA,NA,NA,NA,0,0,69,33.75,46.28,0,244.13,0,0,0,0,71.39,128.679044,147.079999,0,0,213.7,197.6,NA,NA,NA,NA,NA,NA,NA,451,463,460,459,581,NA,NA,NA,NA,NA,NA,NA,NA,NA,NA,NA,NA,NA,NA,NA,NA,NA,NA,NA,NA,141,164,165,166,281,NA,NA,NA,NA,NA,NA,NA,NA,NA,NA,NA,NA,NA,NA,NA,NA,NA,NA,NA,NA,139.319598,168.110011,174.767538,184.143822,193.93,NA,NA,NA,NA,NA,NA,NA,NA,NA,NA,NA,NA,NA,NA,NA,NA,NA,NA,NA,NA,0,0,0,0,0,NA,NA,NA,NA,NA,NA,NA,NA,NA,NA,NA,NA,NA,NA,NA,NA,NA,NA,NA,NA
1193,"2Rate","Non",16,6,285.13,245.24,318,392,394,390,405,405,476,505,506,553,556,559,573,568,558,383,NA,NA,NA,NA,NA,NA,NA,NA,NA,12,81,396,397,97,406,477,193,194,554,557,560,263,268,578,587,NA,NA,NA,NA,NA,NA,NA,NA,NA,271.168065,69.4859690000001,143.58,197.7,271.094516,271.094516,267.148337,82.2900000000001,58.2272060000001,77.1900000000001,198.945186,227.945445,88.2609390000001,138.350339,243.74589,285.13,NA,NA,NA,NA,NA,NA,NA,NA,NA,0,0,68.1700000000001,124.34,0,245.24,225.783951,0,0,58.45,117.095146,120.5,0,0,201.36,233.51,NA,NA,NA,NA,NA,NA,NA,NA,NA,399,451,463,460,459,581,NA,NA,NA,NA,NA,NA,NA,NA,NA,NA,NA,NA,NA,NA,NA,NA,NA,NA,NA,89,141,164,165,166,281,NA,NA,NA,NA,NA,NA,NA,NA,NA,NA,NA,NA,NA,NA,NA,NA,NA,NA,NA,81.0891800000001,115.346089,132.798004,136.41014,149.288568,174.1,NA,NA,NA,NA,NA,NA,NA,NA,NA,NA,NA,NA,NA,NA,NA,NA,NA,NA,NA,0,0,0,0,0,0,NA,NA,NA,NA,NA,NA,NA,NA,NA,NA,NA,NA,NA,NA,NA,NA,NA,NA,NA
1260,"2Rate","Non",19,4,258.438876,219.28,318,392,394,397,399,405,405,477,477,505,506,553,556,559,573,568,578,581,383,NA,NA,NA,NA,NA,NA,12,81,396,398,400,97,406,170,171,193,194,554,557,560,263,268,579,582,587,NA,NA,NA,NA,NA,NA,258.438876,52.3530440000001,96.6300000000001,117.39,98.8505700000001,240.378222,240.378222,238.685344,238.685344,72.5900000000001,51.2268930000001,77.9200010000001,210.840223,227.112234,74.784565,117.554576,210.45,186.28,258.33,NA,NA,NA,NA,NA,NA,0,0,69.4500000000001,54.54,66.76,0,219.28,0,0,0,0,39.330001,126.653453,111.32,0,0,132.034296,141.36,191.1,NA,NA,NA,NA,NA,NA,451,463,460,459,NA,NA,NA,NA,NA,NA,NA,NA,NA,NA,NA,NA,NA,NA,NA,NA,NA,NA,NA,NA,NA,141,164,165,166,NA,NA,NA,NA,NA,NA,NA,NA,NA,NA,NA,NA,NA,NA,NA,NA,NA,NA,NA,NA,NA,125.088356,148.257621,152.767867,164.276088,NA,NA,NA,NA,NA,NA,NA,NA,NA,NA,NA,NA,NA,NA,NA,NA,NA,NA,NA,NA,NA,0,0,0,0,NA,NA,NA,NA,NA,NA,NA,NA,NA,NA,NA,NA,NA,NA,NA,NA,NA,NA,NA,NA,NA
1315,"2Rate","Non",17,5,296.58,257.87,318,392,394,390,405,405,476,505,506,553,556,559,573,568,578,581,383,NA,NA,NA,NA,NA,NA,NA,NA,12,81,396,397,97,406,477,193,194,554,557,560,263,268,579,582,587,NA,NA,NA,NA,NA,NA,NA,NA,269.478916,56.237238,115.25,153.84,273.596083,273.596083,276.569798,93.5399989999999,66.3983049999999,117.04,206.772349,231.018814,44.525216,70.119219,213.43,176.67,296.58,NA,NA,NA,NA,NA,NA,NA,NA,0,0,69.98,108.17,0,253.97,222.330685,0,0,79.01,122.13674,142.23,0,0,101.810021,139,257.87,NA,NA,NA,NA,NA,NA,NA,NA,399,451,463,460,459,NA,NA,NA,NA,NA,NA,NA,NA,NA,NA,NA,NA,NA,NA,NA,NA,NA,NA,NA,NA,89,141,164,165,166,NA,NA,NA,NA,NA,NA,NA,NA,NA,NA,NA,NA,NA,NA,NA,NA,NA,NA,NA,NA,94.480672,122.848849,138.859521,143.612757,158.330234,NA,NA,NA,NA,NA,NA,NA,NA,NA,NA,NA,NA,NA,NA,NA,NA,NA,NA,NA,NA,0,0,0,0,0,NA,NA,NA,NA,NA,NA,NA,NA,NA,NA,NA,NA,NA,NA,NA,NA,NA,NA,NA,NA
1339,"2Rate","Non",17,5,290.66,236.1,318,392,394,390,405,405,476,505,506,553,556,559,573,568,578,581,383,NA,NA,NA,NA,NA,NA,NA,NA,12,81,396,397,97,406,477,193,194,554,557,560,263,268,579,582,587,NA,NA,NA,NA,NA,NA,NA,NA,249.377759,73.052103,111.5,181.12,261.276268,261.276268,280.641888,111.959999,81.114237,118.29,215.341634,241.471429,42.8324679999999,59.822581,240.31,199.45,290.66,NA,NA,NA,NA,NA,NA,NA,NA,0,0,70.6299999999999,96.49,0,236.1,211.41128,0,0,105.54,127.01072,142.64,0,0,136.352277,145.31,181.8,NA,NA,NA,NA,NA,NA,NA,NA,399,451,463,460,459,NA,NA,NA,NA,NA,NA,NA,NA,NA,NA,NA,NA,NA,NA,NA,NA,NA,NA,NA,NA,89,141,164,165,166,NA,NA,NA,NA,NA,NA,NA,NA,NA,NA,NA,NA,NA,NA,NA,NA,NA,NA,NA,NA,84.906508,128.213525,169.284618,174.507392,184.337737,NA,NA,NA,NA,NA,NA,NA,NA,NA,NA,NA,NA,NA,NA,NA,NA,NA,NA,NA,NA,0,0,0,0,0,NA,NA,NA,NA,NA,NA,NA,NA,NA,NA,NA,NA,NA,NA,NA,NA,NA,NA,NA,NA
1423,"2Rate","Non",18,4,295.13,258.62,318,392,394,397,399,405,405,476,505,506,553,556,559,573,568,578,581,383,NA,NA,NA,NA,NA,NA,NA,12,81,396,398,400,97,406,477,193,194,554,557,560,263,268,579,582,587,NA,NA,NA,NA,NA,NA,NA,271.84965,65.023588,132.06,139.22,115.617191,265.050968,265.050968,269.576826,63.07,44.072578,66.360001,194.716982,229.127839,68.348247,101.586435,223.25,177.66,295.13,NA,NA,NA,NA,NA,NA,NA,0,0,108.2,64.92,75.1,0,258.62,195.447888,0,0,57.700001,113.766549,152.87,0,0,143.902518,149.56,234.65,NA,NA,NA,NA,NA,NA,NA,451,463,460,459,NA,NA,NA,NA,NA,NA,NA,NA,NA,NA,NA,NA,NA,NA,NA,NA,NA,NA,NA,NA,NA,141,164,165,166,NA,NA,NA,NA,NA,NA,NA,NA,NA,NA,NA,NA,NA,NA,NA,NA,NA,NA,NA,NA,NA,134.079222,175.737279,181.144023,191.945645,NA,NA,NA,NA,NA,NA,NA,NA,NA,NA,NA,NA,NA,NA,NA,NA,NA,NA,NA,NA,NA,0,0,0,0,NA,NA,NA,NA,NA,NA,NA,NA,NA,NA,NA,NA,NA,NA,NA,NA,NA,NA,NA,NA,NA
1510,"2Rate","Non",17,5,320.3,262.34,318,392,394,390,405,405,476,505,506,553,556,559,573,568,578,581,383,NA,NA,NA,NA,NA,NA,NA,NA,12,81,396,397,97,406,477,193,194,554,557,560,263,268,579,582,587,NA,NA,NA,NA,NA,NA,NA,NA,256.688612,57.878975,114.86,175.7,260.304338,260.304338,299.263829,119.89,84.7631819999999,98.1899999999999,221.06911,251.752671,51.7946449999999,71.6652139999999,248.32,238.68,320.3,NA,NA,NA,NA,NA,NA,NA,NA,0,0,86.0599999999999,108.66,0,243.46,221.349062,0,0,80.0599999999999,130.055003,146.2,0,0,104.071293,141.38,262.34,NA,NA,NA,NA,NA,NA,NA,NA,399,451,463,460,459,NA,NA,NA,NA,NA,NA,NA,NA,NA,NA,NA,NA,NA,NA,NA,NA,NA,NA,NA,NA,89,141,164,165,166,NA,NA,NA,NA,NA,NA,NA,NA,NA,NA,NA,NA,NA,NA,NA,NA,NA,NA,NA,NA,96.6727319999999,129.584846,173.946354,180.758664,188.739329,NA,NA,NA,NA,NA,NA,NA,NA,NA,NA,NA,NA,NA,NA,NA,NA,NA,NA,NA,NA,0,0,0,0,0,NA,NA,NA,NA,NA,NA,NA,NA,NA,NA,NA,NA,NA,NA,NA,NA,NA,NA,NA,NA
1599,"2Rate","Non",18,4,300.01,269.16,318,392,394,397,399,405,405,476,505,506,553,556,559,573,568,578,581,383,NA,NA,NA,NA,NA,NA,NA,12,81,396,398,400,97,406,477,193,194,554,557,560,263,268,579,582,587,NA,NA,NA,NA,NA,NA,NA,274.677042,62.161095,134.28,141.93,106.912474,279.106193,279.106193,281.979299,135.55,98.020003,94.220001,212.826596,242.651973,73.732204,115.921562,232.25,206.79,300.01,NA,NA,NA,NA,NA,NA,NA,0,0,98.09,59.88,50.22,0,269.16,233.95285,0,0,81.680001,125.564848,138.120001,0,0,129.791721,183.57,236.69,NA,NA,NA,NA,NA,NA,NA,451,463,460,459,NA,NA,NA,NA,NA,NA,NA,NA,NA,NA,NA,NA,NA,NA,NA,NA,NA,NA,NA,NA,NA,141,164,165,166,NA,NA,NA,NA,NA,NA,NA,NA,NA,NA,NA,NA,NA,NA,NA,NA,NA,NA,NA,NA,NA,140.950056,163.522953,169.976921,184.794433,NA,NA,NA,NA,NA,NA,NA,NA,NA,NA,NA,NA,NA,NA,NA,NA,NA,NA,NA,NA,NA,0,0,0,0,NA,NA,NA,NA,NA,NA,NA,NA,NA,NA,NA,NA,NA,NA,NA,NA,NA,NA,NA,NA,NA
1676,"2Rate","Non",17,6,312.11,279.37,318,392,394,397,397,405,405,476,505,506,553,556,559,573,568,558,383,NA,NA,NA,NA,NA,NA,NA,NA,12,81,396,398,399,97,406,477,193,194,554,557,560,263,268,578,587,NA,NA,NA,NA,NA,NA,NA,NA,311.560257,58.153089,123.37,129.74,129.74,276.752041,276.752041,281.178247,137.92,99.797813,107.949999,200.874869,238.455821,83.218787,130.725919,253.58284,312.11,NA,NA,NA,NA,NA,NA,NA,NA,0,0,82.4999999999999,43.6,107.649957,0,259.07,228.061514,0,0,97.599999,117.706806,164.11,0,0,207.46,279.37,NA,NA,NA,NA,NA,NA,NA,NA,399,451,463,460,459,581,NA,NA,NA,NA,NA,NA,NA,NA,NA,NA,NA,NA,NA,NA,NA,NA,NA,NA,NA,89,141,164,165,166,281,NA,NA,NA,NA,NA,NA,NA,NA,NA,NA,NA,NA,NA,NA,NA,NA,NA,NA,NA,107.649957,135.408698,155.002494,160.954384,176.065391,196.08,NA,NA,NA,NA,NA,NA,NA,NA,NA,NA,NA,NA,NA,NA,NA,NA,NA,NA,NA,0,0,0,0,0,0,NA,NA,NA,NA,NA,NA,NA,NA,NA,NA,NA,NA,NA,NA,NA,NA,NA,NA,NA
1770,"2Rate","Non",17,5,310.11,256.01,318,392,394,390,405,405,476,505,506,553,556,559,573,568,578,581,383,NA,NA,NA,NA,NA,NA,NA,NA,12,81,396,397,97,406,477,193,194,554,557,560,263,268,579,582,587,NA,NA,NA,NA,NA,NA,NA,NA,272.794209,65.3466519999999,127.71,188.18,272.509583,272.509583,299.522358,76.719999,53.981962,118.120001,227.355018,257.959125,74.216782,109.713097,230.47,194.48,310.11,NA,NA,NA,NA,NA,NA,NA,NA,0,0,55.05,123.15,0,256.01,232.478942,0,0,78.360001,136.472613,171.9,0,0,122.68317,142.6,254.08,NA,NA,NA,NA,NA,NA,NA,NA,399,451,463,460,459,NA,NA,NA,NA,NA,NA,NA,NA,NA,NA,NA,NA,NA,NA,NA,NA,NA,NA,NA,NA,89,141,164,165,166,NA,NA,NA,NA,NA,NA,NA,NA,NA,NA,NA,NA,NA,NA,NA,NA,NA,NA,NA,NA,101.850942,129.659066,143.405137,151.009156,170.435195,NA,NA,NA,NA,NA,NA,NA,NA,NA,NA,NA,NA,NA,NA,NA,NA,NA,NA,NA,NA,0,0,0,0,0,NA,NA,NA,NA,NA,NA,NA,NA,NA,NA,NA,NA,NA,NA,NA,NA,NA,NA,NA,NA
1841,"2Rate","Non",19,4,276.33,224.91,318,392,394,397,399,405,405,476,505,506,554,554,556,559,573,568,578,581,383,NA,NA,NA,NA,NA,NA,12,81,396,398,400,97,406,477,193,194,245,246,557,560,263,268,579,582,587,NA,NA,NA,NA,NA,NA,248.696196,49.681432,106.52,123.4,98.4530710000001,256.225456,256.225456,262.389111,62.699999,43.770725,114.91,114.91,197.024834,215.490528,51.3295170000001,73.4939480000001,200,171.24,276.33,NA,NA,NA,NA,NA,NA,0,0,66.5000000000001,40.9200000000001,55.9900000000001,0,224.91,202.546464,0,0,0,0,116.889646,120.380001,0,0,100.687817,124.67,119.13,NA,NA,NA,NA,NA,NA,451,463,460,459,NA,NA,NA,NA,NA,NA,NA,NA,NA,NA,NA,NA,NA,NA,NA,NA,NA,NA,NA,NA,NA,141,164,165,166,NA,NA,NA,NA,NA,NA,NA,NA,NA,NA,NA,NA,NA,NA,NA,NA,NA,NA,NA,NA,NA,117.508716,133.391463,140.165392,156.529442,NA,NA,NA,NA,NA,NA,NA,NA,NA,NA,NA,NA,NA,NA,NA,NA,NA,NA,NA,NA,NA,0,0,0,0,NA,NA,NA,NA,NA,NA,NA,NA,NA,NA,NA,NA,NA,NA,NA,NA,NA,NA,NA,NA,NA
1981,"2Rate","Non",18,4,301.36,235.63,318,392,394,397,399,405,405,476,505,506,553,556,559,573,568,578,581,383,NA,NA,NA,NA,NA,NA,NA,12,81,396,398,400,97,406,477,193,194,554,557,560,263,268,579,582,587,NA,NA,NA,NA,NA,NA,NA,271.637798,67.1933950000001,123.34,135.42,117.906496,265.037258,265.037258,286.349268,125.759999,91.208631,93.950001,216.476848,238.63973,64.869825,94.565085,236.81,211.9,301.36,NA,NA,NA,NA,NA,NA,NA,0,0,67.3000000000001,55.7,86.84,0,235.63,226.607086,0,0,71.410001,127.716384,113.28,0,0,153.131207,152.33,235.45,NA,NA,NA,NA,NA,NA,NA,451,463,460,459,NA,NA,NA,NA,NA,NA,NA,NA,NA,NA,NA,NA,NA,NA,NA,NA,NA,NA,NA,NA,NA,141,164,165,166,NA,NA,NA,NA,NA,NA,NA,NA,NA,NA,NA,NA,NA,NA,NA,NA,NA,NA,NA,NA,NA,118.302547,159.633328,162.6656,171.564208,NA,NA,NA,NA,NA,NA,NA,NA,NA,NA,NA,NA,NA,NA,NA,NA,NA,NA,NA,NA,NA,0,0,0,0,NA,NA,NA,NA,NA,NA,NA,NA,NA,NA,NA,NA,NA,NA,NA,NA,NA,NA,NA,NA,NA
2030,"2Rate","Non",18,6,289.45,246.82,318,392,394,390,405,405,477,477,505,506,553,556,559,573,568,578,578,383,NA,NA,NA,NA,NA,NA,NA,12,81,396,397,97,406,170,171,193,194,554,557,560,263,268,579,581,587,NA,NA,NA,NA,NA,NA,NA,223.591899,68.432841,120.94,166.48,262.562391,262.562391,229.066303,229.066303,97.020001,69.018069,95.27,202.33881,225.197232,64.604196,101.648456,206.72,206.72,289.45,NA,NA,NA,NA,NA,NA,NA,0,0,74.6100000000001,65.4,0,245.45,0,0,0,0,76.59,119.452245,120.67,0,0,77.433004,182.84,246.82,NA,NA,NA,NA,NA,NA,NA,399,451,463,460,459,581,NA,NA,NA,NA,NA,NA,NA,NA,NA,NA,NA,NA,NA,NA,NA,NA,NA,NA,NA,89,141,164,165,166,281,NA,NA,NA,NA,NA,NA,NA,NA,NA,NA,NA,NA,NA,NA,NA,NA,NA,NA,NA,51.262093,142.752393,170.605349,177.179443,188.510603,182.84,NA,NA,NA,NA,NA,NA,NA,NA,NA,NA,NA,NA,NA,NA,NA,NA,NA,NA,NA,0,0,0,0,0,0,NA,NA,NA,NA,NA,NA,NA,NA,NA,NA,NA,NA,NA,NA,NA,NA,NA,NA,NA
2182,"2Rate","Non",18,5,284.59,234.67,318,392,394,390,405,405,477,477,505,506,553,556,559,573,568,578,581,383,NA,NA,NA,NA,NA,NA,NA,12,81,396,397,97,406,170,171,193,194,554,557,560,263,268,579,582,587,NA,NA,NA,NA,NA,NA,NA,272.552955,75.3416980000001,134.07,179.99,258.797951,258.797951,233.085033,233.085033,80.3500020000001,56.7587190000001,106.07,206.66669,228.313545,60.060918,94.544255,211.91,188.08,284.59,NA,NA,NA,NA,NA,NA,NA,0,0,63.34,93.31,0,234.67,0,0,0,0,80.45,122.091115,120.22,0,0,125.543091,163.11,154.58,NA,NA,NA,NA,NA,NA,NA,399,451,463,460,459,NA,NA,NA,NA,NA,NA,NA,NA,NA,NA,NA,NA,NA,NA,NA,NA,NA,NA,NA,NA,89,141,164,165,166,NA,NA,NA,NA,NA,NA,NA,NA,NA,NA,NA,NA,NA,NA,NA,NA,NA,NA,NA,NA,79.227481,131.272863,155.062473,161.494786,173.005797,NA,NA,NA,NA,NA,NA,NA,NA,NA,NA,NA,NA,NA,NA,NA,NA,NA,NA,NA,NA,0,0,0,0,0,NA,NA,NA,NA,NA,NA,NA,NA,NA,NA,NA,NA,NA,NA,NA,NA,NA,NA,NA,NA
2202,"2Rate","Non",16,6,290.47,226.594723,318,392,394,390,386,477,477,505,506,553,556,559,573,568,558,383,NA,NA,NA,NA,NA,NA,NA,NA,NA,12,81,396,397,405,170,171,193,194,554,557,560,263,268,578,587,NA,NA,NA,NA,NA,NA,NA,NA,NA,250.331302,61.9130769999999,101.71,187.03,268.91,233.150038,233.150038,104.39,74.417153,98.84,205.213905,229.309032,48.5665900000001,76.4745290000001,247.1869,290.47,NA,NA,NA,NA,NA,NA,NA,NA,NA,0,0,68.7099999999999,108.9,226.594723,0,0,0,0,69.11,121.051848,152.6,0,0,184.47,215.63,NA,NA,NA,NA,NA,NA,NA,NA,NA,399,451,463,460,459,581,NA,NA,NA,NA,NA,NA,NA,NA,NA,NA,NA,NA,NA,NA,NA,NA,NA,NA,NA,89,141,164,165,166,281,NA,NA,NA,NA,NA,NA,NA,NA,NA,NA,NA,NA,NA,NA,NA,NA,NA,NA,NA,82.064741,134.3399,162.893491,167.374273,176.958235,157.74,NA,NA,NA,NA,NA,NA,NA,NA,NA,NA,NA,NA,NA,NA,NA,NA,NA,NA,NA,0,0,0,0,0,0,NA,NA,NA,NA,NA,NA,NA,NA,NA,NA,NA,NA,NA,NA,NA,NA,NA,NA,NA
2206,"2Rate","Non",18,5,280.63,241.11,318,392,394,397,399,386,477,477,505,506,553,556,559,573,568,578,578,383,NA,NA,NA,NA,NA,NA,NA,12,81,396,398,400,405,170,171,193,194,554,557,560,263,268,579,581,587,NA,NA,NA,NA,NA,NA,NA,268.969706,59.7293759999999,118.33,140.03,115.909496,260.95,229.268105,229.268105,87.049998,61.934253,100.81,201.207279,224.336428,64.3910619999999,101.242858,189.31,189.31,280.63,NA,NA,NA,NA,NA,NA,NA,0,0,84.49,38.2999999999999,76.1699999999999,227.8158,0,0,0,0,78.49,118.574893,135.26,0,0,91.2369479999999,163.8,241.11,NA,NA,NA,NA,NA,NA,NA,451,463,460,459,581,NA,NA,NA,NA,NA,NA,NA,NA,NA,NA,NA,NA,NA,NA,NA,NA,NA,NA,NA,NA,141,164,165,166,281,NA,NA,NA,NA,NA,NA,NA,NA,NA,NA,NA,NA,NA,NA,NA,NA,NA,NA,NA,NA,125.824123,147.541123,153.296851,165.470746,163.8,NA,NA,NA,NA,NA,NA,NA,NA,NA,NA,NA,NA,NA,NA,NA,NA,NA,NA,NA,NA,0,0,0,0,0,NA,NA,NA,NA,NA,NA,NA,NA,NA,NA,NA,NA,NA,NA,NA,NA,NA,NA,NA,NA
2359,"2Rate","Non",18,4,318.76,279.62,318,392,394,397,399,405,405,476,505,506,553,556,559,573,568,578,581,383,NA,NA,NA,NA,NA,NA,NA,12,81,396,398,400,97,406,477,193,194,554,557,560,263,268,579,582,587,NA,NA,NA,NA,NA,NA,NA,300.243198,73.1237360000001,128.06,154.99,131.64591,289.726456,289.726456,308.163384,118.459999,85.3886490000001,102.11,234.410285,262.1157,82.417905,122.168557,230.99,221.01,318.76,NA,NA,NA,NA,NA,NA,NA,0,0,62.5400000000001,61.76,91.3900000000001,0,279.62,247.878495,0,0,79.4000000000001,140.556799,154.639999,0,0,127.908863,155.4,259.87,NA,NA,NA,NA,NA,NA,NA,451,463,460,459,NA,NA,NA,NA,NA,NA,NA,NA,NA,NA,NA,NA,NA,NA,NA,NA,NA,NA,NA,NA,NA,141,164,165,166,NA,NA,NA,NA,NA,NA,NA,NA,NA,NA,NA,NA,NA,NA,NA,NA,NA,NA,NA,NA,NA,147.641336,174.826767,183.471102,202.349463,NA,NA,NA,NA,NA,NA,NA,NA,NA,NA,NA,NA,NA,NA,NA,NA,NA,NA,NA,NA,NA,0,0,0,0,NA,NA,NA,NA,NA,NA,NA,NA,NA,NA,NA,NA,NA,NA,NA,NA,NA,NA,NA,NA,NA
2451,"2Rate","Non",18,4,302.52,242.52,318,392,394,397,399,405,405,476,505,506,553,556,559,573,568,578,581,383,NA,NA,NA,NA,NA,NA,NA,12,81,396,398,400,97,406,477,193,194,554,557,560,263,268,579,582,587,NA,NA,NA,NA,NA,NA,NA,302.060574,69.3570659999999,134.16,136.28,107.24234,271.56167,271.56167,282.045763,86.49,61.157171,81.609999,215.457539,241.088715,30.0837929999999,47.3764579999999,230.539999,206.169999,302.52,NA,NA,NA,NA,NA,NA,NA,0,0,98.4299999999999,49.35,61.77,0,242.52,236.182326,0,0,47.969999,127.33304,129.899999,0,0,110.275659,175.949999,163.27,NA,NA,NA,NA,NA,NA,NA,451,463,460,459,NA,NA,NA,NA,NA,NA,NA,NA,NA,NA,NA,NA,NA,NA,NA,NA,NA,NA,NA,NA,NA,141,164,165,166,NA,NA,NA,NA,NA,NA,NA,NA,NA,NA,NA,NA,NA,NA,NA,NA,NA,NA,NA,NA,NA,134.859101,157.587879,164.287672,177.15975,NA,NA,NA,NA,NA,NA,NA,NA,NA,NA,NA,NA,NA,NA,NA,NA,NA,NA,NA,NA,NA,0,0,0,0,NA,NA,NA,NA,NA,NA,NA,NA,NA,NA,NA,NA,NA,NA,NA,NA,NA,NA,NA,NA,NA
2629,"2Rate","Non",18,5,281.15,233.73,318,392,394,390,405,405,477,477,505,506,553,556,559,573,568,578,581,383,NA,NA,NA,NA,NA,NA,NA,12,81,396,397,97,406,170,171,193,194,554,557,560,263,268,579,582,587,NA,NA,NA,NA,NA,NA,NA,253.792562,61.328511,118.17,172.56,255.101574,255.101574,246.110176,246.110176,90.5,64.084203,85.790001,213.655094,235.816624,62.808193,98.87218,212.56,205.68,281.15,NA,NA,NA,NA,NA,NA,NA,0,0,67.34,91.78,0,233.73,0,0,0,0,52.280001,126.591526,144.79,0,0,95.6828389999999,144.44,184.17,NA,NA,NA,NA,NA,NA,NA,399,451,463,460,459,NA,NA,NA,NA,NA,NA,NA,NA,NA,NA,NA,NA,NA,NA,NA,NA,NA,NA,NA,NA,89,141,164,165,166,NA,NA,NA,NA,NA,NA,NA,NA,NA,NA,NA,NA,NA,NA,NA,NA,NA,NA,NA,NA,74.839734,138.666022,168.981339,174.039359,180.550132,NA,NA,NA,NA,NA,NA,NA,NA,NA,NA,NA,NA,NA,NA,NA,NA,NA,NA,NA,NA,0,0,0,0,0,NA,NA,NA,NA,NA,NA,NA,NA,NA,NA,NA,NA,NA,NA,NA,NA,NA,NA,NA,NA
2635,"2Rate","Non",19,4,285.27,263.78,318,392,394,397,399,405,405,477,477,505,506,553,556,559,573,568,578,581,383,NA,NA,NA,NA,NA,NA,12,81,396,398,400,97,406,170,171,193,194,554,557,560,263,268,579,582,587,NA,NA,NA,NA,NA,NA,268.399119,120.638272,140.76,113.32,81.0372390000001,260.361181,260.361181,230.722337,230.722337,108.53,77.4884940000002,100.120001,216.365058,242.180332,50.1033630000001,78.9000160000001,238.480001,201.170001,285.27,NA,NA,NA,NA,NA,NA,0,0,73.9400000000001,40.4400000000001,40.1500000000001,0,248.03,0,0,0,0,84.3700010000001,129.050406,141.350001,0,0,148.355169,171.960001,263.78,NA,NA,NA,NA,NA,NA,451,463,460,459,NA,NA,NA,NA,NA,NA,NA,NA,NA,NA,NA,NA,NA,NA,NA,NA,NA,NA,NA,NA,NA,141,164,165,166,NA,NA,NA,NA,NA,NA,NA,NA,NA,NA,NA,NA,NA,NA,NA,NA,NA,NA,NA,NA,NA,124.226147,142.649948,149.665041,162.710324,NA,NA,NA,NA,NA,NA,NA,NA,NA,NA,NA,NA,NA,NA,NA,NA,NA,NA,NA,NA,NA,0,0,0,0,NA,NA,NA,NA,NA,NA,NA,NA,NA,NA,NA,NA,NA,NA,NA,NA,NA,NA,NA,NA,NA
2695,"2Rate","Non",17,5,315.73,247.83,318,392,394,390,405,405,476,505,506,553,556,559,573,568,578,581,383,NA,NA,NA,NA,NA,NA,NA,NA,12,81,396,397,97,406,477,193,194,554,557,560,263,268,579,582,587,NA,NA,NA,NA,NA,NA,NA,NA,300.692593,88.141276,167.73,226.48,293.163955,293.163955,300.428985,114.16,81.145139,103.58,226.826917,254.650581,68.8132909999999,99.0819229999999,250.409999,226.059999,315.73,NA,NA,NA,NA,NA,NA,NA,NA,0,0,98.03,125.47,0,247.83,234.916559,0,0,71.45,133.911859,141.7,0,0,209.185726,179.929999,232.76,NA,NA,NA,NA,NA,NA,NA,NA,399,451,463,460,459,NA,NA,NA,NA,NA,NA,NA,NA,NA,NA,NA,NA,NA,NA,NA,NA,NA,NA,NA,NA,89,141,164,165,166,NA,NA,NA,NA,NA,NA,NA,NA,NA,NA,NA,NA,NA,NA,NA,NA,NA,NA,NA,NA,94.432083,136.1046,171.012143,178.284275,190.690105,NA,NA,NA,NA,NA,NA,NA,NA,NA,NA,NA,NA,NA,NA,NA,NA,NA,NA,NA,NA,0,0,0,0,0,NA,NA,NA,NA,NA,NA,NA,NA,NA,NA,NA,NA,NA,NA,NA,NA,NA,NA,NA,NA
2701,"2Rate","Non",17,5,303.16,266.05,318,392,394,390,405,405,476,505,506,553,556,559,573,568,578,581,383,NA,NA,NA,NA,NA,NA,NA,NA,12,81,396,397,97,406,477,193,194,554,557,560,263,268,579,582,587,NA,NA,NA,NA,NA,NA,NA,NA,289.398255,64.590289,139.92,184.94,272.509817,272.509817,281.659385,98.239999,69.804166,112.38,217.767947,244.410984,80.018972,125.793304,237.18,177.58,303.16,NA,NA,NA,NA,NA,NA,NA,NA,0,0,91.63,111.96,0,251.42,229.472029,0,0,89.14,129.147186,113.97,0,0,122.702713,149.32,266.05,NA,NA,NA,NA,NA,NA,NA,NA,399,451,463,460,459,NA,NA,NA,NA,NA,NA,NA,NA,NA,NA,NA,NA,NA,NA,NA,NA,NA,NA,NA,NA,89,141,164,165,166,NA,NA,NA,NA,NA,NA,NA,NA,NA,NA,NA,NA,NA,NA,NA,NA,NA,NA,NA,NA,91.181431,138.276829,154.748186,163.981096,179.779401,NA,NA,NA,NA,NA,NA,NA,NA,NA,NA,NA,NA,NA,NA,NA,NA,NA,NA,NA,NA,0,0,0,0,0,NA,NA,NA,NA,NA,NA,NA,NA,NA,NA,NA,NA,NA,NA,NA,NA,NA,NA,NA,NA
2791,"2Rate","Non",4,19,358.77,333.57,315,504,573,568,NA,NA,NA,NA,NA,NA,NA,NA,NA,NA,NA,NA,NA,NA,NA,NA,NA,NA,NA,NA,NA,317,505,263,268,NA,NA,NA,NA,NA,NA,NA,NA,NA,NA,NA,NA,NA,NA,NA,NA,NA,NA,NA,NA,NA,358.77,167.368243,86.0149260000001,128.056008,NA,NA,NA,NA,NA,NA,NA,NA,NA,NA,NA,NA,NA,NA,NA,NA,NA,NA,NA,NA,NA,333.57,94.199999,0,0,NA,NA,NA,NA,NA,NA,NA,NA,NA,NA,NA,NA,NA,NA,NA,NA,NA,NA,NA,NA,NA,318,387,392,393,394,399,389,451,463,460,459,385,478,506,553,552,556,559,581,NA,NA,NA,NA,NA,NA,319,388,80,82,395,89,402,141,164,165,166,169,479,507,244,555,251,561,281,NA,NA,NA,NA,NA,NA,317.43237,283.37,86.534404,189.489657,187.4,97.505175,250.4,139.204643,149.165794,156.349472,179.193257,306.006819,288.84,65.146644,93.67,233.457196,224.712664,258.363658,215.93,NA,NA,NA,NA,NA,NA,297.31,147.26,0,0,73.0722,0,138.25,0,0,0,0,0,279.790079,12.940806,0,126.60646,0,225.463534,0,NA,NA,NA,NA,NA,NA
2816,"2Rate","Non",18,5,293.84,243.27,318,392,394,397,397,405,405,476,505,506,553,556,559,573,568,578,581,383,NA,NA,NA,NA,NA,NA,NA,12,81,396,398,399,97,406,477,193,194,554,557,560,263,268,579,582,587,NA,NA,NA,NA,NA,NA,NA,283.733977,54.9178479999999,120.04,104.24,104.24,272.862122,272.862122,278.336448,88.3300019999999,62.5028689999999,90.159999,212.056411,240.060714,78.382381,123.219646,227.2,211.55,293.84,NA,NA,NA,NA,NA,NA,NA,0,0,47.6,39.7899999999999,78.6913899999999,0,243.27,238.759004,0,0,73.699999,125.152137,128.78,0,0,155.767633,139.35,131.85,NA,NA,NA,NA,NA,NA,NA,399,451,463,460,459,NA,NA,NA,NA,NA,NA,NA,NA,NA,NA,NA,NA,NA,NA,NA,NA,NA,NA,NA,NA,89,141,164,165,166,NA,NA,NA,NA,NA,NA,NA,NA,NA,NA,NA,NA,NA,NA,NA,NA,NA,NA,NA,NA,78.6913899999999,127.68964,144.121396,150.922591,165.743296,NA,NA,NA,NA,NA,NA,NA,NA,NA,NA,NA,NA,NA,NA,NA,NA,NA,NA,NA,NA,0,0,0,0,0,NA,NA,NA,NA,NA,NA,NA,NA,NA,NA,NA,NA,NA,NA,NA,NA,NA,NA,NA,NA
3168,"2Rate","Non",16,6,285.77,267.99,318,392,394,390,405,405,476,505,506,553,556,559,573,568,558,383,NA,NA,NA,NA,NA,NA,NA,NA,NA,12,81,396,397,97,406,477,193,194,554,557,560,263,268,578,587,NA,NA,NA,NA,NA,NA,NA,NA,NA,277.756155,54.4651640000001,116.41,154.1,272.136758,272.136758,269.556274,91.440002,65.466778,111.990001,200.003688,225.980975,43.1973400000001,66.0683750000001,242.184745,285.77,NA,NA,NA,NA,NA,NA,NA,NA,NA,0,0,74.7300000000001,108.07,0,267.99,175.70782,0,0,89.490001,127.229753,162.9,0,0,170.47,239.54,NA,NA,NA,NA,NA,NA,NA,NA,NA,399,451,463,460,459,581,NA,NA,NA,NA,NA,NA,NA,NA,NA,NA,NA,NA,NA,NA,NA,NA,NA,NA,NA,89,141,164,165,166,281,NA,NA,NA,NA,NA,NA,NA,NA,NA,NA,NA,NA,NA,NA,NA,NA,NA,NA,NA,93.5675430000001,142.278024,190.878199,197.532829,209.238478,162.85,NA,NA,NA,NA,NA,NA,NA,NA,NA,NA,NA,NA,NA,NA,NA,NA,NA,NA,NA,0,0,0,0,0,0,NA,NA,NA,NA,NA,NA,NA,NA,NA,NA,NA,NA,NA,NA,NA,NA,NA,NA,NA
3303,"2Rate","Non",17,6,264.25,193.35,318,392,394,390,405,405,477,477,505,506,553,556,559,573,568,558,383,NA,NA,NA,NA,NA,NA,NA,NA,12,81,396,397,97,406,170,171,193,194,554,557,560,263,268,578,587,NA,NA,NA,NA,NA,NA,NA,NA,222.919823,79.995758,130.77,173.34,225.898792,225.898792,234.549855,234.549855,115.94,83.166439,132.970001,202.573055,216.593464,52.1499710000001,82.108903,237.91714,264.25,NA,NA,NA,NA,NA,NA,NA,NA,0,0,85.04,97.95,0,193.35,0,0,0,0,89.380001,120.162405,121.250001,0,0,183.4,163.91,NA,NA,NA,NA,NA,NA,NA,NA,399,451,463,460,459,581,NA,NA,NA,NA,NA,NA,NA,NA,NA,NA,NA,NA,NA,NA,NA,NA,NA,NA,NA,89,141,164,165,166,281,NA,NA,NA,NA,NA,NA,NA,NA,NA,NA,NA,NA,NA,NA,NA,NA,NA,NA,NA,82.4943880000001,94.6428980000001,100.314757,110.822128,122.631266,149.76,NA,NA,NA,NA,NA,NA,NA,NA,NA,NA,NA,NA,NA,NA,NA,NA,NA,NA,NA,0,0,0,0,0,0,NA,NA,NA,NA,NA,NA,NA,NA,NA,NA,NA,NA,NA,NA,NA,NA,NA,NA,NA
3493,"2Rate","Non",18,4,373.8,332.25,318,392,394,397,399,405,405,476,505,506,553,556,559,573,568,578,581,383,NA,NA,NA,NA,NA,NA,NA,12,81,396,398,400,97,406,477,193,194,554,557,560,263,268,579,582,587,NA,NA,NA,NA,NA,NA,NA,311.973087,103.713686,145.49,195.51,118.336823,338.638366,338.638366,359.673542,117.719999,83.7510180000001,117.92,268.604699,305.415246,105.920207,156.395115,292.64,263.61,373.8,NA,NA,NA,NA,NA,NA,NA,0,0,99.44,41.1700000000001,41.3200000000001,0,332.25,277.960381,0,0,99.2,158.879721,160.26,0,0,170.900807,217.75,272.95,NA,NA,NA,NA,NA,NA,NA,451,463,460,459,NA,NA,NA,NA,NA,NA,NA,NA,NA,NA,NA,NA,NA,NA,NA,NA,NA,NA,NA,NA,NA,141,164,165,166,NA,NA,NA,NA,NA,NA,NA,NA,NA,NA,NA,NA,NA,NA,NA,NA,NA,NA,NA,NA,NA,167.452402,192.99224,202.056192,224.609462,NA,NA,NA,NA,NA,NA,NA,NA,NA,NA,NA,NA,NA,NA,NA,NA,NA,NA,NA,NA,NA,0,0,0,0,NA,NA,NA,NA,NA,NA,NA,NA,NA,NA,NA,NA,NA,NA,NA,NA,NA,NA,NA,NA,NA
3552,"2Rate","Non",17,5,321.54,278.45,318,392,394,390,405,405,476,505,506,553,556,559,573,568,578,581,383,NA,NA,NA,NA,NA,NA,NA,NA,12,81,396,397,97,406,477,193,194,554,557,560,263,268,579,582,587,NA,NA,NA,NA,NA,NA,NA,NA,262.942643,80.5155269999999,141.27,198.47,287.301734,287.301734,299.947813,114.04,81.2761819999999,78.8799999999999,226.286001,257.177282,80.3417639999999,126.34452,243.78,223.93,321.54,NA,NA,NA,NA,NA,NA,NA,NA,0,0,115.34,121.38,0,278.45,249.507694,0,0,58.2699999999999,133.482407,144.43,0,0,144.343005,164.18,146.16,NA,NA,NA,NA,NA,NA,NA,NA,399,451,463,460,459,NA,NA,NA,NA,NA,NA,NA,NA,NA,NA,NA,NA,NA,NA,NA,NA,NA,NA,NA,NA,89,141,164,165,166,NA,NA,NA,NA,NA,NA,NA,NA,NA,NA,NA,NA,NA,NA,NA,NA,NA,NA,NA,NA,100.614211,148.550089,177.494182,180.912901,194.611319,NA,NA,NA,NA,NA,NA,NA,NA,NA,NA,NA,NA,NA,NA,NA,NA,NA,NA,NA,NA,0,0,0,0,0,NA,NA,NA,NA,NA,NA,NA,NA,NA,NA,NA,NA,NA,NA,NA,NA,NA,NA,NA,NA
3562,"2Rate","Non",17,5,297.48,265.95,318,392,394,390,405,405,476,505,506,553,556,559,573,568,578,581,383,NA,NA,NA,NA,NA,NA,NA,NA,12,81,396,397,97,406,477,193,194,554,557,560,263,268,579,582,587,NA,NA,NA,NA,NA,NA,NA,NA,258.466363,78.275933,149.14,195.16,274.180802,274.180802,276.254211,61.92,43.585364,55.13,196.86967,232.670479,72.753546,114.420542,207.36,196.02,297.48,NA,NA,NA,NA,NA,NA,NA,NA,0,0,90.67,129.66,0,265.95,226.270984,0,0,47.88,115.373275,151.97,0,0,87.322073,155.05,241.93,NA,NA,NA,NA,NA,NA,NA,NA,399,451,463,460,459,NA,NA,NA,NA,NA,NA,NA,NA,NA,NA,NA,NA,NA,NA,NA,NA,NA,NA,NA,NA,89,141,164,165,166,NA,NA,NA,NA,NA,NA,NA,NA,NA,NA,NA,NA,NA,NA,NA,NA,NA,NA,NA,NA,114.919012,139.338549,161.701515,168.940011,182.858463,NA,NA,NA,NA,NA,NA,NA,NA,NA,NA,NA,NA,NA,NA,NA,NA,NA,NA,NA,NA,0,0,0,0,0,NA,NA,NA,NA,NA,NA,NA,NA,NA,NA,NA,NA,NA,NA,NA,NA,NA,NA,NA,NA
3602,"2Rate","Non",17,6,287.03,256.95,318,392,394,390,405,405,477,477,505,506,553,556,559,573,568,558,383,NA,NA,NA,NA,NA,NA,NA,NA,12,81,396,397,97,406,170,171,193,194,554,557,560,263,268,578,587,NA,NA,NA,NA,NA,NA,NA,NA,282.539675,66.075861,126.66,203.58,258.927926,258.927926,233.552485,233.552485,102.219999,72.8184419999999,108.13,205.192189,228.336383,78.727084,123.66753,246.06207,287.03,NA,NA,NA,NA,NA,NA,NA,NA,0,0,104.41,127.81,0,244.98,0,0,0,0,82.56,121.207318,130.72,0,0,197.12,256.95,NA,NA,NA,NA,NA,NA,NA,NA,399,451,463,460,459,581,NA,NA,NA,NA,NA,NA,NA,NA,NA,NA,NA,NA,NA,NA,NA,NA,NA,NA,NA,89,141,164,165,166,281,NA,NA,NA,NA,NA,NA,NA,NA,NA,NA,NA,NA,NA,NA,NA,NA,NA,NA,NA,111.168876,145.062913,178.899867,182.875486,191.31807,179.76,NA,NA,NA,NA,NA,NA,NA,NA,NA,NA,NA,NA,NA,NA,NA,NA,NA,NA,NA,0,0,0,0,0,0,NA,NA,NA,NA,NA,NA,NA,NA,NA,NA,NA,NA,NA,NA,NA,NA,NA,NA,NA
3637,"2Rate","Non",18,4,294.54,259.72,318,392,394,397,399,405,405,476,505,506,553,556,559,573,568,578,581,383,NA,NA,NA,NA,NA,NA,NA,12,81,396,398,400,97,406,477,193,194,554,557,560,263,268,579,582,587,NA,NA,NA,NA,NA,NA,NA,228.284875,57.263205,115.19,113.19,88.8078199999999,265.752361,265.752361,271.251886,96.9300000000001,68.9196470000001,76.510001,209.044839,237.13311,83.339126,130.91196,231.350001,206.130001,294.54,NA,NA,NA,NA,NA,NA,NA,0,0,61.29,42.0099999999999,51.1299999999999,0,259.72,217.420695,0,0,63.760001,123.880506,103.37,0,0,102.794572,161.050001,234.83,NA,NA,NA,NA,NA,NA,NA,451,463,460,459,NA,NA,NA,NA,NA,NA,NA,NA,NA,NA,NA,NA,NA,NA,NA,NA,NA,NA,NA,NA,NA,141,164,165,166,NA,NA,NA,NA,NA,NA,NA,NA,NA,NA,NA,NA,NA,NA,NA,NA,NA,NA,NA,NA,NA,135.544808,152.411373,159.506592,175.618316,NA,NA,NA,NA,NA,NA,NA,NA,NA,NA,NA,NA,NA,NA,NA,NA,NA,NA,NA,NA,NA,0,0,0,0,NA,NA,NA,NA,NA,NA,NA,NA,NA,NA,NA,NA,NA,NA,NA,NA,NA,NA,NA,NA,NA
3684,"2Rate","Non",17,5,310.85,244.89,318,392,394,390,405,405,476,505,506,553,556,559,573,568,578,581,383,NA,NA,NA,NA,NA,NA,NA,NA,12,81,396,397,97,406,477,193,194,554,557,560,263,268,579,582,587,NA,NA,NA,NA,NA,NA,NA,NA,274.137852,69.741833,126.48,206.21,278.936129,278.936129,282.295103,108.489999,77.4282689999999,83.27,195.025882,228.570844,55.810577,87.867288,190.360001,180.780001,310.85,NA,NA,NA,NA,NA,NA,NA,NA,0,0,77.58,130.62,0,244.89,227.722388,0,0,71.24,114.077804,147.400001,0,0,139.874956,93.8100009999999,223.23,NA,NA,NA,NA,NA,NA,NA,NA,399,451,463,460,459,NA,NA,NA,NA,NA,NA,NA,NA,NA,NA,NA,NA,NA,NA,NA,NA,NA,NA,NA,NA,89,141,164,165,166,NA,NA,NA,NA,NA,NA,NA,NA,NA,NA,NA,NA,NA,NA,NA,NA,NA,NA,NA,NA,106.583144,124.039489,144.198417,149.054399,162.043901,NA,NA,NA,NA,NA,NA,NA,NA,NA,NA,NA,NA,NA,NA,NA,NA,NA,NA,NA,NA,0,0,0,0,0,NA,NA,NA,NA,NA,NA,NA,NA,NA,NA,NA,NA,NA,NA,NA,NA,NA,NA,NA,NA
3699,"2Rate","Non",18,5,277.845446,234.74,318,392,394,390,405,405,477,477,505,506,553,556,559,573,568,578,581,383,NA,NA,NA,NA,NA,NA,NA,12,81,396,397,97,406,170,171,193,194,554,557,560,263,268,579,582,587,NA,NA,NA,NA,NA,NA,NA,277.845446,57.393825,131.39,178.27,245.530541,245.530541,219.996466,219.996466,114.269999,81.953129,102.86,200.38614,224.175623,39.127567,61.618739,218.44,197.3,272.38,NA,NA,NA,NA,NA,NA,NA,0,0,72.2299999999999,85.78,0,234.74,0,0,0,0,90.3,118.856952,114.97,0,0,109.516429,134.38,138.25,NA,NA,NA,NA,NA,NA,NA,399,451,463,460,459,NA,NA,NA,NA,NA,NA,NA,NA,NA,NA,NA,NA,NA,NA,NA,NA,NA,NA,NA,NA,89,141,164,165,166,NA,NA,NA,NA,NA,NA,NA,NA,NA,NA,NA,NA,NA,NA,NA,NA,NA,NA,NA,NA,67.033623,112.673212,119.995975,135.971837,147.762148,NA,NA,NA,NA,NA,NA,NA,NA,NA,NA,NA,NA,NA,NA,NA,NA,NA,NA,NA,NA,0,0,0,0,0,NA,NA,NA,NA,NA,NA,NA,NA,NA,NA,NA,NA,NA,NA,NA,NA,NA,NA,NA,NA
3715,"2Rate","Non",4,21,349.274609,333.14,314,504,573,568,NA,NA,NA,NA,NA,NA,NA,NA,NA,NA,NA,NA,NA,NA,NA,NA,NA,NA,NA,NA,NA,315,505,263,268,NA,NA,NA,NA,NA,NA,NA,NA,NA,NA,NA,NA,NA,NA,NA,NA,NA,NA,NA,NA,NA,349.274609,159.518374,107.971379,168.889095,NA,NA,NA,NA,NA,NA,NA,NA,NA,NA,NA,NA,NA,NA,NA,NA,NA,NA,NA,NA,NA,333.14,97.599999,0,0,NA,NA,NA,NA,NA,NA,NA,NA,NA,NA,NA,NA,NA,NA,NA,NA,NA,NA,NA,NA,NA,315,318,387,392,393,394,399,389,451,463,460,459,385,478,506,553,552,556,561,561,581,NA,NA,NA,NA,316,319,388,80,82,395,89,402,141,164,165,166,169,479,507,244,555,251,562,576,281,NA,NA,NA,NA,333.14,282.142542,271.07,94.444,152.689693,144.63,116.419594,241.72,137.576272,164.619245,170.651544,182.391079,300.424746,280.12,69.440776,100.17,230.008689,221.410747,241.720041,241.720041,193.95,NA,NA,NA,NA,33.32,262.1,83.82,0,0,59.5118570000001,0,166.65,0,0,0,0,0,270.659877,14.636001,0,135.871967,0,226.540048,173.67618,0,NA,NA,NA,NA
3746,"2Rate","Non",17,5,313.44,281.18,318,392,394,390,405,405,476,505,506,553,556,559,573,568,578,581,383,NA,NA,NA,NA,NA,NA,NA,NA,12,81,396,397,97,406,477,193,194,554,557,560,263,268,579,582,587,NA,NA,NA,NA,NA,NA,NA,NA,302.078381,73.0115200000001,151.23,215.91,291.791137,291.791137,293.078088,98.9,70.246112,93.26,209.160263,245.208688,50.8456260000001,80.0649740000001,232.78,218.53,313.44,NA,NA,NA,NA,NA,NA,NA,NA,0,0,84.1600000000001,123.59,0,281.18,234.494827,0,0,82.95,122.749063,150.339999,0,0,121.702964,178.68,242.95,NA,NA,NA,NA,NA,NA,NA,NA,399,451,463,460,459,NA,NA,NA,NA,NA,NA,NA,NA,NA,NA,NA,NA,NA,NA,NA,NA,NA,NA,NA,NA,89,141,164,165,166,NA,NA,NA,NA,NA,NA,NA,NA,NA,NA,NA,NA,NA,NA,NA,NA,NA,NA,NA,NA,96.0173650000001,165.588564,199.515267,207.251285,218.774905,NA,NA,NA,NA,NA,NA,NA,NA,NA,NA,NA,NA,NA,NA,NA,NA,NA,NA,NA,NA,0,0,0,0,0,NA,NA,NA,NA,NA,NA,NA,NA,NA,NA,NA,NA,NA,NA,NA,NA,NA,NA,NA,NA
3914,"2Rate","Non",16,5,323.77,280.095972,318,392,394,397,399,386,476,505,506,553,556,559,573,568,558,383,NA,NA,NA,NA,NA,NA,NA,NA,NA,12,81,396,398,400,405,477,193,194,554,557,560,263,268,578,587,NA,NA,NA,NA,NA,NA,NA,NA,NA,321.315754,101.148424,191.93,176.26,97.59944,285.66,309.708095,121.370002,84.707525,118.149999,240.997403,270.232854,91.6062059999999,136.160906,294.048601,323.77,NA,NA,NA,NA,NA,NA,NA,NA,NA,0,0,112.84,33.95,37.4999999999999,280.095972,246.490996,0,0,93.889999,143.444587,160.41,0,0,242.66,176.08,NA,NA,NA,NA,NA,NA,NA,NA,NA,451,463,460,459,581,NA,NA,NA,NA,NA,NA,NA,NA,NA,NA,NA,NA,NA,NA,NA,NA,NA,NA,NA,NA,141,164,165,166,281,NA,NA,NA,NA,NA,NA,NA,NA,NA,NA,NA,NA,NA,NA,NA,NA,NA,NA,NA,NA,139.64866,149.00951,158.882974,180.645739,196.89,NA,NA,NA,NA,NA,NA,NA,NA,NA,NA,NA,NA,NA,NA,NA,NA,NA,NA,NA,NA,0,0,0,0,0,NA,NA,NA,NA,NA,NA,NA,NA,NA,NA,NA,NA,NA,NA,NA,NA,NA,NA,NA,NA
4017,"2Rate","Non",17,5,301.68,273.37,318,392,394,390,405,405,476,505,506,553,556,559,573,568,578,581,383,NA,NA,NA,NA,NA,NA,NA,NA,12,81,396,397,97,406,477,193,194,554,557,560,263,268,579,582,587,NA,NA,NA,NA,NA,NA,NA,NA,283.757453,71.032765,143.9,188.53,283.618037,283.618037,287.366439,94.09,66.678436,105.720001,215.376773,247.851607,74.0837740000001,116.548367,236.66,230.93,301.68,NA,NA,NA,NA,NA,NA,NA,NA,0,0,77.0600000000001,111.03,0,273.37,246.625255,0,0,94.660001,126.77873,145.96,0,0,142.407381,196.55,225.05,NA,NA,NA,NA,NA,NA,NA,NA,399,451,463,460,459,NA,NA,NA,NA,NA,NA,NA,NA,NA,NA,NA,NA,NA,NA,NA,NA,NA,NA,NA,NA,89,141,164,165,166,NA,NA,NA,NA,NA,NA,NA,NA,NA,NA,NA,NA,NA,NA,NA,NA,NA,NA,NA,NA,100.334308,143.353157,157.195247,162.950045,182.056752,NA,NA,NA,NA,NA,NA,NA,NA,NA,NA,NA,NA,NA,NA,NA,NA,NA,NA,NA,NA,0,0,0,0,0,NA,NA,NA,NA,NA,NA,NA,NA,NA,NA,NA,NA,NA,NA,NA,NA,NA,NA,NA,NA
4021,"2Rate","Non",17,5,320.6,263.61,318,392,394,390,405,405,476,505,506,553,556,559,573,568,578,581,383,NA,NA,NA,NA,NA,NA,NA,NA,12,81,396,397,97,406,477,193,194,554,557,560,263,268,579,582,587,NA,NA,NA,NA,NA,NA,NA,NA,303.201641,72.2850229999999,144.84,193.36,288.940247,288.940247,292.019396,100.579997,71.4690749999999,93.7700009999999,217.680748,249.751513,67.970382,107.012312,236.840001,224.370001,320.6,NA,NA,NA,NA,NA,NA,NA,NA,0,0,95.6399999999999,118.8,0,263.61,223.911219,0,0,63.0700009999999,128.565595,175.63,0,0,166.761058,165.310001,236.87,NA,NA,NA,NA,NA,NA,NA,NA,399,451,463,460,459,NA,NA,NA,NA,NA,NA,NA,NA,NA,NA,NA,NA,NA,NA,NA,NA,NA,NA,NA,NA,89,141,164,165,166,NA,NA,NA,NA,NA,NA,NA,NA,NA,NA,NA,NA,NA,NA,NA,NA,NA,NA,NA,NA,94.3781879999999,152.88854,184.162167,190.918122,201.934263,NA,NA,NA,NA,NA,NA,NA,NA,NA,NA,NA,NA,NA,NA,NA,NA,NA,NA,NA,NA,0,0,0,0,0,NA,NA,NA,NA,NA,NA,NA,NA,NA,NA,NA,NA,NA,NA,NA,NA,NA,NA,NA,NA
4197,"2Rate","Non",17,5,305.07,270.18,318,392,394,390,405,405,476,505,506,553,556,559,573,568,578,581,383,NA,NA,NA,NA,NA,NA,NA,NA,12,81,396,397,97,406,477,193,194,554,557,560,263,268,579,582,587,NA,NA,NA,NA,NA,NA,NA,NA,270.436285,49.544888,102.47,166.56,276.612006,276.612006,293.078394,107.54,76.268316,83.3600000000001,225.150251,256.004955,81.683688,119.122587,240.62,230.17,305.07,NA,NA,NA,NA,NA,NA,NA,NA,0,0,71.39,92.89,0,270.18,235.890532,0,0,51.8800000000001,135.21891,155.060001,0,0,147.396542,187.96,249.78,NA,NA,NA,NA,NA,NA,NA,NA,399,451,463,460,459,NA,NA,NA,NA,NA,NA,NA,NA,NA,NA,NA,NA,NA,NA,NA,NA,NA,NA,NA,NA,89,141,164,165,166,NA,NA,NA,NA,NA,NA,NA,NA,NA,NA,NA,NA,NA,NA,NA,NA,NA,NA,NA,NA,77.288108,140.199637,159.914126,168.156148,186.87635,NA,NA,NA,NA,NA,NA,NA,NA,NA,NA,NA,NA,NA,NA,NA,NA,NA,NA,NA,NA,0,0,0,0,0,NA,NA,NA,NA,NA,NA,NA,NA,NA,NA,NA,NA,NA,NA,NA,NA,NA,NA,NA,NA
4199,"2Rate","Non",18,5,291.99,255.28,318,392,394,390,405,405,477,477,505,506,553,556,559,573,568,578,581,383,NA,NA,NA,NA,NA,NA,NA,12,81,396,397,97,406,170,171,193,194,554,557,560,263,268,579,582,587,NA,NA,NA,NA,NA,NA,NA,269.611804,49.2987630000001,98.3,157.47,275.47176,275.47176,265.809147,265.809147,78.190001,55.42792,74.29,234.221235,258.221554,69.028102,108.601799,250.64,226.27,291.99,NA,NA,NA,NA,NA,NA,NA,0,0,69.24,84.3,0,255.28,0,0,0,0,46.77,139.61364,135.17,0,0,170.37661,193.58,240.87,NA,NA,NA,NA,NA,NA,NA,399,451,463,460,459,NA,NA,NA,NA,NA,NA,NA,NA,NA,NA,NA,NA,NA,NA,NA,NA,NA,NA,NA,NA,89,141,164,165,166,NA,NA,NA,NA,NA,NA,NA,NA,NA,NA,NA,NA,NA,NA,NA,NA,NA,NA,NA,NA,72.282007,130.317556,149.897914,155.688664,170.154447,NA,NA,NA,NA,NA,NA,NA,NA,NA,NA,NA,NA,NA,NA,NA,NA,NA,NA,NA,NA,0,0,0,0,0,NA,NA,NA,NA,NA,NA,NA,NA,NA,NA,NA,NA,NA,NA,NA,NA,NA,NA,NA,NA
4229,"2Rate","Non",17,6,299.236624,244.89,318,392,394,390,405,405,477,477,505,506,553,556,559,573,568,558,383,NA,NA,NA,NA,NA,NA,NA,NA,12,81,396,397,97,406,170,171,193,194,554,557,560,263,268,578,587,NA,NA,NA,NA,NA,NA,NA,NA,299.236624,70.852749,105.87,174.13,254.216508,254.216508,254.767582,254.767582,51.209999,35.98742,71.2799990000001,220.373344,242.869613,71.2744020000001,112.152752,259.441279,285.86,NA,NA,NA,NA,NA,NA,NA,NA,0,0,72.4700000000001,101.91,0,244.89,0,0,0,0,49.2799990000001,130.88088,163.27,0,0,191.13,232.5,NA,NA,NA,NA,NA,NA,NA,NA,399,451,463,460,459,581,NA,NA,NA,NA,NA,NA,NA,NA,NA,NA,NA,NA,NA,NA,NA,NA,NA,NA,NA,89,141,164,165,166,281,NA,NA,NA,NA,NA,NA,NA,NA,NA,NA,NA,NA,NA,NA,NA,NA,NA,NA,NA,89.9563120000001,139.068317,163.522599,170.745218,183.142621,161.05,NA,NA,NA,NA,NA,NA,NA,NA,NA,NA,NA,NA,NA,NA,NA,NA,NA,NA,NA,0,0,0,0,0,0,NA,NA,NA,NA,NA,NA,NA,NA,NA,NA,NA,NA,NA,NA,NA,NA,NA,NA,NA
4384,"2Rate","Non",18,5,301.03,228.35,318,392,394,397,397,405,405,476,505,506,553,556,559,573,568,578,581,383,NA,NA,NA,NA,NA,NA,NA,12,81,396,398,399,97,406,477,193,194,554,557,560,263,268,579,582,587,NA,NA,NA,NA,NA,NA,NA,295.610203,59.5745470000001,123.87,122.76,122.76,269.425372,269.425372,289.16488,98.580002,69.242296,96.12,217.426417,237.656818,64.2885900000001,93.6703810000001,220.58,205.27,301.03,NA,NA,NA,NA,NA,NA,NA,0,0,72.2900000000001,34.26,95.4888560000001,0,228.35,227.210245,0,0,77.4,128.647619,133.27,0,0,130.55994,158.44,225.48,NA,NA,NA,NA,NA,NA,NA,399,451,463,460,459,NA,NA,NA,NA,NA,NA,NA,NA,NA,NA,NA,NA,NA,NA,NA,NA,NA,NA,NA,NA,89,141,164,165,166,NA,NA,NA,NA,NA,NA,NA,NA,NA,NA,NA,NA,NA,NA,NA,NA,NA,NA,NA,NA,95.4888560000001,121.937638,153.65737,157.694708,169.815781,NA,NA,NA,NA,NA,NA,NA,NA,NA,NA,NA,NA,NA,NA,NA,NA,NA,NA,NA,NA,0,0,0,0,0,NA,NA,NA,NA,NA,NA,NA,NA,NA,NA,NA,NA,NA,NA,NA,NA,NA,NA,NA,NA
4491,"2Rate","Non",16,6,310.85,258.05,318,392,394,390,405,405,476,505,506,553,556,559,573,568,558,383,NA,NA,NA,NA,NA,NA,NA,NA,NA,12,81,396,397,97,406,477,193,194,554,557,560,263,268,578,587,NA,NA,NA,NA,NA,NA,NA,NA,NA,291.377271,93.404144,159.15,231.29,281.415853,281.415853,290.702539,88.7099999999999,62.7489759999999,122.82,218.359692,242.621604,58.04181,91.38371,264.191261,310.85,NA,NA,NA,NA,NA,NA,NA,NA,NA,0,0,94.89,118.75,0,258.05,246.336436,0,0,102.24,128.704558,146.919999,0,0,211.48,178.59,NA,NA,NA,NA,NA,NA,NA,NA,NA,399,451,463,460,459,581,NA,NA,NA,NA,NA,NA,NA,NA,NA,NA,NA,NA,NA,NA,NA,NA,NA,NA,NA,89,141,164,165,166,281,NA,NA,NA,NA,NA,NA,NA,NA,NA,NA,NA,NA,NA,NA,NA,NA,NA,NA,NA,101.663836,145.476383,170.82061,178.873582,191.761904,195.2,NA,NA,NA,NA,NA,NA,NA,NA,NA,NA,NA,NA,NA,NA,NA,NA,NA,NA,NA,0,0,0,0,0,0,NA,NA,NA,NA,NA,NA,NA,NA,NA,NA,NA,NA,NA,NA,NA,NA,NA,NA,NA
4853,"2Rate","Non",19,5,272.59,239.19,318,392,394,397,397,405,405,477,477,505,506,553,556,559,573,568,578,581,383,NA,NA,NA,NA,NA,NA,12,81,396,398,399,97,406,170,171,193,194,554,557,560,263,268,579,582,587,NA,NA,NA,NA,NA,NA,264.410929,71.224766,139.48,122.18,122.18,245.073962,245.073962,235.173928,235.173928,126.680001,91.245567,121.76,205.659069,227.148301,63.641403,99.861216,207.61,175.19,272.59,NA,NA,NA,NA,NA,NA,0,0,64.1200000000001,42.1800000000001,104.557098,0,225.39,0,0,0,0,100.88,122.604383,131,0,0,91.8285500000001,129.82,239.19,NA,NA,NA,NA,NA,NA,399,451,463,460,459,NA,NA,NA,NA,NA,NA,NA,NA,NA,NA,NA,NA,NA,NA,NA,NA,NA,NA,NA,NA,89,141,164,165,166,NA,NA,NA,NA,NA,NA,NA,NA,NA,NA,NA,NA,NA,NA,NA,NA,NA,NA,NA,NA,104.557098,121.118667,142.407555,147.403871,159.060146,NA,NA,NA,NA,NA,NA,NA,NA,NA,NA,NA,NA,NA,NA,NA,NA,NA,NA,NA,NA,0,0,0,0,0,NA,NA,NA,NA,NA,NA,NA,NA,NA,NA,NA,NA,NA,NA,NA,NA,NA,NA,NA,NA
4976,"2Rate","Non",18,4,326.49077,270.92,318,392,394,397,399,405,405,476,505,506,553,556,559,573,568,578,581,383,NA,NA,NA,NA,NA,NA,NA,12,81,396,398,400,97,406,477,193,194,554,557,560,263,268,579,582,587,NA,NA,NA,NA,NA,NA,NA,326.49077,72.6829670000001,139.34,133.56,100.948176,278.374282,278.374282,282.608499,97.6200000000001,69.3328020000001,117.76,218.027581,244.736808,49.147616,77.401715,238.85,205.74,313.95,NA,NA,NA,NA,NA,NA,NA,0,0,78.8200000000001,46.9100000000001,55.5000000000001,0,270.92,218.398217,0,0,91.21,129.450795,143.64,0,0,165.57377,165.01,206.55,NA,NA,NA,NA,NA,NA,NA,451,463,460,459,NA,NA,NA,NA,NA,NA,NA,NA,NA,NA,NA,NA,NA,NA,NA,NA,NA,NA,NA,NA,NA,141,164,165,166,NA,NA,NA,NA,NA,NA,NA,NA,NA,NA,NA,NA,NA,NA,NA,NA,NA,NA,NA,NA,NA,148.458038,172.950591,179.915393,194.64902,NA,NA,NA,NA,NA,NA,NA,NA,NA,NA,NA,NA,NA,NA,NA,NA,NA,NA,NA,NA,NA,0,0,0,0,NA,NA,NA,NA,NA,NA,NA,NA,NA,NA,NA,NA,NA,NA,NA,NA,NA,NA,NA,NA,NA
4986,"2Rate","Non",18,4,314.554136,260.58,318,392,394,397,399,405,405,476,505,506,553,556,559,573,568,578,581,383,NA,NA,NA,NA,NA,NA,NA,12,81,396,398,400,97,406,477,193,194,554,557,560,263,268,579,582,587,NA,NA,NA,NA,NA,NA,NA,314.554136,73.343523,145.18,145.4,129.321593,277.030937,277.030937,293.175239,99.600001,68.425819,95.27,223.159012,262.590034,69.1856260000001,102.349884,271.29,263.26,311.86,NA,NA,NA,NA,NA,NA,NA,0,0,78.6,39.69,100.36,0,260.58,220.228943,0,0,73.09,133.995885,165.430001,0,0,148.634919,233.55,192.88,NA,NA,NA,NA,NA,NA,NA,451,463,460,459,NA,NA,NA,NA,NA,NA,NA,NA,NA,NA,NA,NA,NA,NA,NA,NA,NA,NA,NA,NA,NA,141,164,165,166,NA,NA,NA,NA,NA,NA,NA,NA,NA,NA,NA,NA,NA,NA,NA,NA,NA,NA,NA,NA,NA,137.515128,175.527736,183.418726,195.335896,NA,NA,NA,NA,NA,NA,NA,NA,NA,NA,NA,NA,NA,NA,NA,NA,NA,NA,NA,NA,NA,0,0,0,0,NA,NA,NA,NA,NA,NA,NA,NA,NA,NA,NA,NA,NA,NA,NA,NA,NA,NA,NA,NA,NA
5042,"2Rate","Non",4,19,375.67,334.77,315,504,573,568,NA,NA,NA,NA,NA,NA,NA,NA,NA,NA,NA,NA,NA,NA,NA,NA,NA,NA,NA,NA,NA,317,505,263,268,NA,NA,NA,NA,NA,NA,NA,NA,NA,NA,NA,NA,NA,NA,NA,NA,NA,NA,NA,NA,NA,375.67,182.219612,89.4004919999999,131.614328,NA,NA,NA,NA,NA,NA,NA,NA,NA,NA,NA,NA,NA,NA,NA,NA,NA,NA,NA,NA,NA,334.77,126.989999,0,0,NA,NA,NA,NA,NA,NA,NA,NA,NA,NA,NA,NA,NA,NA,NA,NA,NA,NA,NA,NA,NA,318,387,392,393,394,399,389,451,463,460,459,385,478,506,553,552,556,559,581,NA,NA,NA,NA,NA,NA,319,388,80,82,395,89,402,141,164,165,166,169,479,507,244,555,251,561,281,NA,NA,NA,NA,NA,NA,307.401292,304.27,87.680962,171.153527,162.58,127.997325,275.67,157.510811,183.113234,191.481268,212.155233,312.595242,302.97,89.464217,99.14,246.011919,236.549409,265.019912,216.06,NA,NA,NA,NA,NA,NA,284.05,78.18,0,0,60.222703,0,214.56,0,0,0,0,0,293.26111,20.406456,0,135.953012,0,228.591913,0,NA,NA,NA,NA,NA,NA
5097,"2Rate","Non",17,5,264.66,238.09,318,392,394,390,405,405,476,505,506,553,556,559,573,568,578,581,383,NA,NA,NA,NA,NA,NA,NA,NA,12,81,396,397,97,406,477,193,194,554,557,560,263,268,579,582,587,NA,NA,NA,NA,NA,NA,NA,NA,238.752829,64.4716329999999,115.47,166.95,244.094554,244.094554,252.960468,58.8799999999999,40.731802,84.2599999999999,194.036434,218.503603,52.498848,77.6916939999999,209.350001,194.150001,264.66,NA,NA,NA,NA,NA,NA,NA,NA,0,0,79.6399999999999,91.8899999999999,0,238.09,200.481603,0,0,52.4799999999999,114.339784,128.100001,0,0,125.05535,147.890001,200.68,NA,NA,NA,NA,NA,NA,NA,NA,399,451,463,460,459,NA,NA,NA,NA,NA,NA,NA,NA,NA,NA,NA,NA,NA,NA,NA,NA,NA,NA,NA,NA,89,141,164,165,166,NA,NA,NA,NA,NA,NA,NA,NA,NA,NA,NA,NA,NA,NA,NA,NA,NA,NA,NA,NA,78.3883759999999,124.68745,156.235664,162.188421,174.365744,NA,NA,NA,NA,NA,NA,NA,NA,NA,NA,NA,NA,NA,NA,NA,NA,NA,NA,NA,NA,0,0,0,0,0,NA,NA,NA,NA,NA,NA,NA,NA,NA,NA,NA,NA,NA,NA,NA,NA,NA,NA,NA,NA
5134,"2Rate","Non",18,4,283.21,244.56,318,392,394,397,399,405,405,476,505,506,553,556,559,573,568,578,581,383,NA,NA,NA,NA,NA,NA,NA,12,81,396,398,400,97,406,477,193,194,554,557,560,263,268,579,582,587,NA,NA,NA,NA,NA,NA,NA,263.612413,71.7117840000001,137.51,122.08,98.7780620000001,251.124416,251.124416,256.786316,96.140001,67.2289060000001,73.47,186.745763,213.389219,50.4312380000001,73.6474180000001,200.769999,181.979999,283.21,NA,NA,NA,NA,NA,NA,NA,0,0,108.29,23.1700000000001,63.7600000000001,0,244.56,184.900747,0,0,70.6,110.946953,136.289999,0,0,146.74979,150.999999,237.31,NA,NA,NA,NA,NA,NA,NA,451,463,460,459,NA,NA,NA,NA,NA,NA,NA,NA,NA,NA,NA,NA,NA,NA,NA,NA,NA,NA,NA,NA,NA,141,164,165,166,NA,NA,NA,NA,NA,NA,NA,NA,NA,NA,NA,NA,NA,NA,NA,NA,NA,NA,NA,NA,NA,132.344871,159.314449,165.976628,180.732792,NA,NA,NA,NA,NA,NA,NA,NA,NA,NA,NA,NA,NA,NA,NA,NA,NA,NA,NA,NA,NA,0,0,0,0,NA,NA,NA,NA,NA,NA,NA,NA,NA,NA,NA,NA,NA,NA,NA,NA,NA,NA,NA,NA,NA
5143,"2Rate","Non",17,5,251.89,209.72,318,392,394,390,405,405,476,505,506,553,556,559,573,568,578,581,383,NA,NA,NA,NA,NA,NA,NA,NA,12,81,396,397,97,406,477,193,194,554,557,560,263,268,579,582,587,NA,NA,NA,NA,NA,NA,NA,NA,225.577643,63.783425,142.18,189.62,233.972332,233.972332,233.453598,114.509999,78.89664,107.26,177.320621,195.107908,51.258526,75.796984,195.28,161.63,251.89,NA,NA,NA,NA,NA,NA,NA,NA,0,0,78.39,106.2,0,209.72,171.940434,0,0,87.6599999999999,107.28156,110.67,0,0,129.33798,122.09,131.78,NA,NA,NA,NA,NA,NA,NA,NA,399,451,463,460,459,NA,NA,NA,NA,NA,NA,NA,NA,NA,NA,NA,NA,NA,NA,NA,NA,NA,NA,NA,NA,89,141,164,165,166,NA,NA,NA,NA,NA,NA,NA,NA,NA,NA,NA,NA,NA,NA,NA,NA,NA,NA,NA,NA,95.440956,114.421814,137.748933,144.403589,157.167038,NA,NA,NA,NA,NA,NA,NA,NA,NA,NA,NA,NA,NA,NA,NA,NA,NA,NA,NA,NA,0,0,0,0,0,NA,NA,NA,NA,NA,NA,NA,NA,NA,NA,NA,NA,NA,NA,NA,NA,NA,NA,NA,NA
5220,"2Rate","Non",16,6,306.54,285.74,318,392,394,390,405,405,476,505,506,553,556,559,573,568,558,383,NA,NA,NA,NA,NA,NA,NA,NA,NA,12,81,396,397,97,406,477,193,194,554,557,560,263,268,578,587,NA,NA,NA,NA,NA,NA,NA,NA,NA,302.887106,67.640336,120.92,204.4,277.495192,277.495192,294.204835,129.02,90.806992,122.93,227.46477,254.844973,99.639239,152.082253,274.322288,306.54,NA,NA,NA,NA,NA,NA,NA,NA,NA,0,0,75.72,118.58,0,251.88,230.668639,0,0,94.4700000000001,132.924486,144.26,0,0,200.53,285.74,NA,NA,NA,NA,NA,NA,NA,NA,NA,399,451,463,460,459,581,NA,NA,NA,NA,NA,NA,NA,NA,NA,NA,NA,NA,NA,NA,NA,NA,NA,NA,NA,89,141,164,165,166,281,NA,NA,NA,NA,NA,NA,NA,NA,NA,NA,NA,NA,NA,NA,NA,NA,NA,NA,NA,100.025536,122.868945,145.264886,151.154798,165.513824,188.91,NA,NA,NA,NA,NA,NA,NA,NA,NA,NA,NA,NA,NA,NA,NA,NA,NA,NA,NA,0,0,0,0,0,0,NA,NA,NA,NA,NA,NA,NA,NA,NA,NA,NA,NA,NA,NA,NA,NA,NA,NA,NA
5434,"2Rate","Non",17,5,312.84,280.89,318,392,394,390,405,405,476,505,506,553,556,559,573,568,578,581,383,NA,NA,NA,NA,NA,NA,NA,NA,12,81,396,397,97,406,477,193,194,554,557,560,263,268,579,582,587,NA,NA,NA,NA,NA,NA,NA,NA,299.225273,80.88901,145.9,196.26,287.226589,287.226589,290.801116,99.960001,70.947786,88.94,228.94309,257.960229,66.303412,104.412277,254.74,232.57,312.84,NA,NA,NA,NA,NA,NA,NA,NA,0,0,106.28,130.89,0,280.89,235.666004,0,0,78.23,136.167572,132.25,0,0,172.170916,135.47,264.54,NA,NA,NA,NA,NA,NA,NA,NA,399,451,463,460,459,NA,NA,NA,NA,NA,NA,NA,NA,NA,NA,NA,NA,NA,NA,NA,NA,NA,NA,NA,NA,89,141,164,165,166,NA,NA,NA,NA,NA,NA,NA,NA,NA,NA,NA,NA,NA,NA,NA,NA,NA,NA,NA,NA,116.571911,164.996888,201.046764,205.377579,217.770168,NA,NA,NA,NA,NA,NA,NA,NA,NA,NA,NA,NA,NA,NA,NA,NA,NA,NA,NA,NA,0,0,0,0,0,NA,NA,NA,NA,NA,NA,NA,NA,NA,NA,NA,NA,NA,NA,NA,NA,NA,NA,NA,NA
5488,"2Rate","Non",18,4,287.47,233.45,318,392,394,397,399,405,405,476,505,506,553,556,559,573,568,578,581,383,NA,NA,NA,NA,NA,NA,NA,12,81,396,398,400,97,406,477,193,194,554,557,560,263,268,579,582,587,NA,NA,NA,NA,NA,NA,NA,247.63747,64.2515789999999,124.9,147.1,118.559848,265.178758,265.178758,268.192706,87.759999,60.435624,93.15,197.488996,226.16254,43.889333,63.310692,218.77,178.07,287.47,NA,NA,NA,NA,NA,NA,NA,0,0,78.51,81.04,70.5,0,216.95,198.923602,0,0,54.89,120.015703,154.49,0,0,112.961551,142.82,233.45,NA,NA,NA,NA,NA,NA,NA,451,463,460,459,NA,NA,NA,NA,NA,NA,NA,NA,NA,NA,NA,NA,NA,NA,NA,NA,NA,NA,NA,NA,NA,141,164,165,166,NA,NA,NA,NA,NA,NA,NA,NA,NA,NA,NA,NA,NA,NA,NA,NA,NA,NA,NA,NA,NA,119.415936,153.739698,157.614829,167.855854,NA,NA,NA,NA,NA,NA,NA,NA,NA,NA,NA,NA,NA,NA,NA,NA,NA,NA,NA,NA,NA,0,0,0,0,NA,NA,NA,NA,NA,NA,NA,NA,NA,NA,NA,NA,NA,NA,NA,NA,NA,NA,NA,NA,NA
5528,"2Rate","Non",16,5,306.31,274.689075,318,392,394,390,386,476,505,506,553,556,559,573,568,578,581,383,NA,NA,NA,NA,NA,NA,NA,NA,NA,12,81,396,397,405,477,193,194,554,557,560,263,268,579,582,587,NA,NA,NA,NA,NA,NA,NA,NA,NA,296.882314,62.1185549999999,105.26,187.91,289.13,276.615818,108.760002,77.856726,78.8799999999999,212.555307,240.807533,65.8008560000001,103.519841,239.65,202.92,306.31,NA,NA,NA,NA,NA,NA,NA,NA,NA,0,0,64.5399999999998,103.6,274.689075,202.61843,0,0,60.3099999999999,126.220272,131.199999,0,0,150.800721,160.96,202.22,NA,NA,NA,NA,NA,NA,NA,NA,NA,399,451,463,460,459,NA,NA,NA,NA,NA,NA,NA,NA,NA,NA,NA,NA,NA,NA,NA,NA,NA,NA,NA,NA,89,141,164,165,166,NA,NA,NA,NA,NA,NA,NA,NA,NA,NA,NA,NA,NA,NA,NA,NA,NA,NA,NA,NA,87.5974059999999,141.601299,157.686434,175.386517,187.703812,NA,NA,NA,NA,NA,NA,NA,NA,NA,NA,NA,NA,NA,NA,NA,NA,NA,NA,NA,NA,0,0,0,0,0,NA,NA,NA,NA,NA,NA,NA,NA,NA,NA,NA,NA,NA,NA,NA,NA,NA,NA,NA,NA
5568,"2Rate","Non",16,6,305.54,265.91,318,392,394,390,405,405,476,505,506,553,556,559,573,568,558,383,NA,NA,NA,NA,NA,NA,NA,NA,NA,12,81,396,397,97,406,477,193,194,554,557,560,263,268,578,587,NA,NA,NA,NA,NA,NA,NA,NA,NA,280.350763,80.568714,142.35,198.34,271.662004,271.662004,286.666328,108.870001,75.467652,115.21,213.002829,231.853585,59.32197,85.44356,254.180746,305.54,NA,NA,NA,NA,NA,NA,NA,NA,NA,0,0,95.46,107.88,0,265.91,211.629509,0,0,87.54,128.151813,149.769999,0,0,170.34,251.85,NA,NA,NA,NA,NA,NA,NA,NA,NA,399,451,463,460,459,581,NA,NA,NA,NA,NA,NA,NA,NA,NA,NA,NA,NA,NA,NA,NA,NA,NA,NA,NA,89,141,164,165,166,281,NA,NA,NA,NA,NA,NA,NA,NA,NA,NA,NA,NA,NA,NA,NA,NA,NA,NA,NA,93.70647,148.478159,189.848703,198.432756,210.236161,147.09,NA,NA,NA,NA,NA,NA,NA,NA,NA,NA,NA,NA,NA,NA,NA,NA,NA,NA,NA,0,0,0,0,0,0,NA,NA,NA,NA,NA,NA,NA,NA,NA,NA,NA,NA,NA,NA,NA,NA,NA,NA,NA
5934,"2Rate","Non",17,5,321.59,226.07,318,392,394,390,405,405,476,505,506,553,556,559,573,568,578,581,383,NA,NA,NA,NA,NA,NA,NA,NA,12,81,396,397,97,406,477,193,194,554,557,560,263,268,579,582,587,NA,NA,NA,NA,NA,NA,NA,NA,282.491652,81.273057,172.41,209.69,294.818237,294.818237,291.715902,138.010001,97.3472560000001,88.77,202.549545,237.070343,32.8212229999999,50.9144769999999,222.41,199.02,321.59,NA,NA,NA,NA,NA,NA,NA,NA,0,0,76.08,125.44,0,226.07,212.206275,0,0,76.45,119.585244,158.29,0,0,78.4370040000001,132.47,153.24,NA,NA,NA,NA,NA,NA,NA,NA,399,451,463,460,459,NA,NA,NA,NA,NA,NA,NA,NA,NA,NA,NA,NA,NA,NA,NA,NA,NA,NA,NA,NA,89,141,164,165,166,NA,NA,NA,NA,NA,NA,NA,NA,NA,NA,NA,NA,NA,NA,NA,NA,NA,NA,NA,NA,111.344321,112.698563,121.023839,128.245679,145.358842,NA,NA,NA,NA,NA,NA,NA,NA,NA,NA,NA,NA,NA,NA,NA,NA,NA,NA,NA,NA,0,0,0,0,0,NA,NA,NA,NA,NA,NA,NA,NA,NA,NA,NA,NA,NA,NA,NA,NA,NA,NA,NA,NA
5976,"2Rate","Non",19,5,288.51,213.53,318,392,394,397,399,405,405,477,477,505,506,553,556,559,573,568,578,578,383,NA,NA,NA,NA,NA,NA,12,81,396,398,400,97,406,170,171,193,194,554,557,560,263,268,579,581,587,NA,NA,NA,NA,NA,NA,284.226594,94.773855,97.58,108.78,84.079049,270.724891,270.724891,252.403034,252.403034,110.489999,78.7796759999999,75.85,213.140847,240.867084,40.5218609999999,63.8036099999999,199.760001,199.760001,288.51,NA,NA,NA,NA,NA,NA,0,0,78.72,36.1799999999999,47.44,0,196.59,0,0,0,0,68.59,125.7769,162.820001,0,0,115.127306,179.740001,213.53,NA,NA,NA,NA,NA,NA,451,463,460,459,581,NA,NA,NA,NA,NA,NA,NA,NA,NA,NA,NA,NA,NA,NA,NA,NA,NA,NA,NA,NA,141,164,165,166,281,NA,NA,NA,NA,NA,NA,NA,NA,NA,NA,NA,NA,NA,NA,NA,NA,NA,NA,NA,NA,114.062324,133.155841,139.540825,149.963321,179.740001,NA,NA,NA,NA,NA,NA,NA,NA,NA,NA,NA,NA,NA,NA,NA,NA,NA,NA,NA,NA,0,0,0,0,0,NA,NA,NA,NA,NA,NA,NA,NA,NA,NA,NA,NA,NA,NA,NA,NA,NA,NA,NA,NA
6007,"2Rate","Non",17,6,316.83,279.55,318,392,394,390,405,405,476,505,506,553,556,559,573,568,578,578,383,NA,NA,NA,NA,NA,NA,NA,NA,12,81,396,397,97,406,477,193,194,554,557,560,263,268,579,581,587,NA,NA,NA,NA,NA,NA,NA,NA,276.044353,72.465714,149.9,200.4,294.219116,294.219116,298.42232,92.270001,63.894592,85.96,225.318906,258.013617,73.743064,107.828932,239.25,239.25,316.83,NA,NA,NA,NA,NA,NA,NA,NA,0,0,117.43,131.52,0,279.55,239.573447,0,0,67.5000000000001,132.839592,160.74,0,0,132.064437,203.75,128.08,NA,NA,NA,NA,NA,NA,NA,NA,399,451,463,460,459,581,NA,NA,NA,NA,NA,NA,NA,NA,NA,NA,NA,NA,NA,NA,NA,NA,NA,NA,NA,89,141,164,165,166,281,NA,NA,NA,NA,NA,NA,NA,NA,NA,NA,NA,NA,NA,NA,NA,NA,NA,NA,NA,103.655329,149.387641,201.402835,208.570592,218.128835,203.75,NA,NA,NA,NA,NA,NA,NA,NA,NA,NA,NA,NA,NA,NA,NA,NA,NA,NA,NA,0,0,0,0,0,0,NA,NA,NA,NA,NA,NA,NA,NA,NA,NA,NA,NA,NA,NA,NA,NA,NA,NA,NA
6052,"2Rate","Non",17,5,348.936545,299.75,318,392,394,390,405,405,476,505,506,553,556,559,573,568,578,581,383,NA,NA,NA,NA,NA,NA,NA,NA,12,81,396,397,97,406,477,193,194,554,557,560,263,268,579,582,587,NA,NA,NA,NA,NA,NA,NA,NA,348.936545,74.855106,124.48,180.65,307.010591,307.010591,327.384396,107.660001,75.4495070000001,151.05,254.665657,283.262414,78.2417380000001,113.66808,274.91,250.76,345.75,NA,NA,NA,NA,NA,NA,NA,NA,0,0,74.1600000000001,101.12,0,296.53,237.440415,0,0,129.63,150.758877,163.8,0,0,149.132823,146.46,299.75,NA,NA,NA,NA,NA,NA,NA,NA,399,451,463,460,459,NA,NA,NA,NA,NA,NA,NA,NA,NA,NA,NA,NA,NA,NA,NA,NA,NA,NA,NA,NA,89,141,164,165,166,NA,NA,NA,NA,NA,NA,NA,NA,NA,NA,NA,NA,NA,NA,NA,NA,NA,NA,NA,NA,76.079549,158.394492,200.349972,207.800363,223.182484,NA,NA,NA,NA,NA,NA,NA,NA,NA,NA,NA,NA,NA,NA,NA,NA,NA,NA,NA,NA,0,0,0,0,0,NA,NA,NA,NA,NA,NA,NA,NA,NA,NA,NA,NA,NA,NA,NA,NA,NA,NA,NA,NA
6080,"2Rate","Non",17,5,332.64,298.745085,318,392,394,397,399,386,476,505,506,553,556,559,573,568,578,578,383,NA,NA,NA,NA,NA,NA,NA,NA,12,81,396,398,400,405,477,193,194,554,557,560,263,268,579,581,587,NA,NA,NA,NA,NA,NA,NA,NA,300.548427,63.648434,131.13,163.12,132.164673,315.66,321.491273,102.689999,71.7830149999999,113.660001,244.592348,271.415064,72.319173,103.244283,249.210001,249.210001,332.64,NA,NA,NA,NA,NA,NA,NA,NA,0,0,77.61,53.4399999999999,69.3399999999999,298.745085,244.236667,0,0,104.430001,146.63796,158.19,0,0,109.518962,215.790001,159.35,NA,NA,NA,NA,NA,NA,NA,NA,451,463,460,459,581,NA,NA,NA,NA,NA,NA,NA,NA,NA,NA,NA,NA,NA,NA,NA,NA,NA,NA,NA,NA,141,164,165,166,281,NA,NA,NA,NA,NA,NA,NA,NA,NA,NA,NA,NA,NA,NA,NA,NA,NA,NA,NA,NA,148.614304,193.243547,198.618648,211.082837,215.790001,NA,NA,NA,NA,NA,NA,NA,NA,NA,NA,NA,NA,NA,NA,NA,NA,NA,NA,NA,NA,0,0,0,0,0,NA,NA,NA,NA,NA,NA,NA,NA,NA,NA,NA,NA,NA,NA,NA,NA,NA,NA,NA,NA
6420,"2Rate","Non",18,6,278.96,223.48,318,392,394,397,397,405,405,476,505,506,553,556,559,573,568,578,578,383,NA,NA,NA,NA,NA,NA,NA,12,81,396,398,399,97,406,477,193,194,554,557,560,263,268,579,581,587,NA,NA,NA,NA,NA,NA,NA,256.877904,70.325743,138.48,115.41,115.41,253.119111,253.119111,249.974525,86.599998,59.361029,98.44,185.507554,204.93956,63.3779260000001,94.6016940000001,196.21,196.21,278.96,NA,NA,NA,NA,NA,NA,NA,0,0,86.4200000000001,71.03,88.054949,0,223.48,182.214886,0,0,88.87,110.939395,103.56,0,0,82.641044,183.62,185.92,NA,NA,NA,NA,NA,NA,NA,399,451,463,460,459,581,NA,NA,NA,NA,NA,NA,NA,NA,NA,NA,NA,NA,NA,NA,NA,NA,NA,NA,NA,89,141,164,165,166,281,NA,NA,NA,NA,NA,NA,NA,NA,NA,NA,NA,NA,NA,NA,NA,NA,NA,NA,NA,88.054949,115.53855,159.659876,163.361892,171.232143,183.62,NA,NA,NA,NA,NA,NA,NA,NA,NA,NA,NA,NA,NA,NA,NA,NA,NA,NA,NA,0,0,0,0,0,0,NA,NA,NA,NA,NA,NA,NA,NA,NA,NA,NA,NA,NA,NA,NA,NA,NA,NA,NA
6445,"2Rate","Non",19,4,287.63,244.78,318,392,394,397,399,405,405,477,477,505,506,553,556,559,573,568,578,581,383,NA,NA,NA,NA,NA,NA,12,81,396,398,400,97,406,170,171,193,194,554,557,560,263,268,579,582,587,NA,NA,NA,NA,NA,NA,281.668784,62.3170450000001,123.84,128.72,92.8699570000001,251.930273,251.930273,235.248212,235.248212,84.480001,59.742069,84.04,204.805906,235.053567,47.763284,75.215838,229.7,221.28,287.63,NA,NA,NA,NA,NA,NA,0,0,70.3900000000001,69.31,42.34,0,244.78,0,0,0,0,74.11,120.490603,109.94,0,0,157.591388,179.17,193.09,NA,NA,NA,NA,NA,NA,451,463,460,459,NA,NA,NA,NA,NA,NA,NA,NA,NA,NA,NA,NA,NA,NA,NA,NA,NA,NA,NA,NA,NA,141,164,165,166,NA,NA,NA,NA,NA,NA,NA,NA,NA,NA,NA,NA,NA,NA,NA,NA,NA,NA,NA,NA,NA,125.145547,132.855127,139.409921,157.888056,NA,NA,NA,NA,NA,NA,NA,NA,NA,NA,NA,NA,NA,NA,NA,NA,NA,NA,NA,NA,NA,0,0,0,0,NA,NA,NA,NA,NA,NA,NA,NA,NA,NA,NA,NA,NA,NA,NA,NA,NA,NA,NA,NA,NA
6492,"2Rate","Non",18,5,316.3,286.63,318,392,394,397,399,405,405,476,505,506,554,554,556,559,573,568,558,383,NA,NA,NA,NA,NA,NA,NA,12,81,396,398,400,97,406,477,193,194,245,246,557,560,263,268,578,587,NA,NA,NA,NA,NA,NA,NA,256.341028,73.331463,142.34,129.46,104.044691,291.595538,291.595538,290.177001,100.01,71.04235,122.77,122.77,196.432594,231.604083,65.4701329999999,103.028683,252.414438,316.3,NA,NA,NA,NA,NA,NA,NA,0,0,64.72,40.22,63.52,0,286.63,228.0413,0,0,0,0,114.782038,143.36,0,0,185.88,229.71,NA,NA,NA,NA,NA,NA,NA,451,463,460,459,581,NA,NA,NA,NA,NA,NA,NA,NA,NA,NA,NA,NA,NA,NA,NA,NA,NA,NA,NA,NA,141,164,165,166,281,NA,NA,NA,NA,NA,NA,NA,NA,NA,NA,NA,NA,NA,NA,NA,NA,NA,NA,NA,NA,144.780246,159.289274,168.046418,186.611118,158.39,NA,NA,NA,NA,NA,NA,NA,NA,NA,NA,NA,NA,NA,NA,NA,NA,NA,NA,NA,NA,0,0,0,0,0,NA,NA,NA,NA,NA,NA,NA,NA,NA,NA,NA,NA,NA,NA,NA,NA,NA,NA,NA,NA
6547,"2Rate","Non",17,6,321.38,262.89,318,392,394,390,405,405,476,505,506,553,556,559,573,568,578,578,383,NA,NA,NA,NA,NA,NA,NA,NA,12,81,396,397,97,406,477,193,194,554,557,560,263,268,579,581,587,NA,NA,NA,NA,NA,NA,NA,NA,304.763855,74.321269,156.65,194.74,268.873796,268.873796,277.003999,79.45,56.5398700000001,78.92,194.219271,225.270266,69.81258,105.030313,221.82,221.82,321.38,NA,NA,NA,NA,NA,NA,NA,NA,0,0,93.1699999999999,132.7,0,262.89,192.115843,0,0,69.34,115.321138,135.5,0,0,158.003733,192.19,159.61,NA,NA,NA,NA,NA,NA,NA,NA,399,451,463,460,459,581,NA,NA,NA,NA,NA,NA,NA,NA,NA,NA,NA,NA,NA,NA,NA,NA,NA,NA,NA,89,141,164,165,166,281,NA,NA,NA,NA,NA,NA,NA,NA,NA,NA,NA,NA,NA,NA,NA,NA,NA,NA,NA,104.971126,135.074832,148.500807,158.44482,179.017028,192.19,NA,NA,NA,NA,NA,NA,NA,NA,NA,NA,NA,NA,NA,NA,NA,NA,NA,NA,NA,0,0,0,0,0,0,NA,NA,NA,NA,NA,NA,NA,NA,NA,NA,NA,NA,NA,NA,NA,NA,NA,NA,NA
6586,"2Rate","Non",17,5,316.43,268.69,318,392,394,390,405,405,476,505,506,553,556,559,573,568,578,581,383,NA,NA,NA,NA,NA,NA,NA,NA,12,81,396,397,97,406,477,193,194,554,557,560,263,268,579,582,587,NA,NA,NA,NA,NA,NA,NA,NA,271.481602,71.017521,124.28,173,289.092472,289.092472,296.909174,96.52,67.514239,135.629999,224.099328,253.358989,65.653053,95.771178,230.39,211.48,316.43,NA,NA,NA,NA,NA,NA,NA,NA,0,0,77.9299999999999,115.31,0,268.69,220.91334,0,0,118.079999,134.45276,177.250001,0,0,114.871132,162.78,104.6,NA,NA,NA,NA,NA,NA,NA,NA,399,451,463,460,459,NA,NA,NA,NA,NA,NA,NA,NA,NA,NA,NA,NA,NA,NA,NA,NA,NA,NA,NA,NA,89,141,164,165,166,NA,NA,NA,NA,NA,NA,NA,NA,NA,NA,NA,NA,NA,NA,NA,NA,NA,NA,NA,NA,106.355645,141.839441,171.917261,183.25308,196.937174,NA,NA,NA,NA,NA,NA,NA,NA,NA,NA,NA,NA,NA,NA,NA,NA,NA,NA,NA,NA,0,0,0,0,0,NA,NA,NA,NA,NA,NA,NA,NA,NA,NA,NA,NA,NA,NA,NA,NA,NA,NA,NA,NA
6677,"2Rate","Non",17,5,249.8,200.9,318,392,394,390,405,405,476,505,506,553,556,559,573,568,578,581,383,NA,NA,NA,NA,NA,NA,NA,NA,12,81,396,397,97,406,477,193,194,554,557,560,263,268,579,582,587,NA,NA,NA,NA,NA,NA,NA,NA,222.473524,54.877325,119.01,165.66,226.610397,226.610397,226.950372,91.9700009999999,64.2266269999999,70.54,164.570813,194.052036,44.763124,64.001379,197.650001,164.820001,249.8,NA,NA,NA,NA,NA,NA,NA,NA,0,0,49.41,92.34,0,200.9,163.199717,0,0,48.8699999999999,96.652718,124.400001,0,0,108.441935,86.260001,161.04,NA,NA,NA,NA,NA,NA,NA,NA,399,451,463,460,459,NA,NA,NA,NA,NA,NA,NA,NA,NA,NA,NA,NA,NA,NA,NA,NA,NA,NA,NA,NA,89,141,164,165,166,NA,NA,NA,NA,NA,NA,NA,NA,NA,NA,NA,NA,NA,NA,NA,NA,NA,NA,NA,NA,73.712634,104.201034,127.198256,130.925126,143.174432,NA,NA,NA,NA,NA,NA,NA,NA,NA,NA,NA,NA,NA,NA,NA,NA,NA,NA,NA,NA,0,0,0,0,0,NA,NA,NA,NA,NA,NA,NA,NA,NA,NA,NA,NA,NA,NA,NA,NA,NA,NA,NA,NA
6692,"2Rate","Non",16,6,250.34,211.4,318,392,394,390,405,405,476,505,506,553,556,559,573,568,558,383,NA,NA,NA,NA,NA,NA,NA,NA,NA,12,81,396,397,97,406,477,193,194,554,557,560,263,268,578,587,NA,NA,NA,NA,NA,NA,NA,NA,NA,228.758709,67.071566,129.05,167.81,232.333101,232.333101,233.924513,75.71,51.491725,70.13,175.414048,199.119196,50.2288130000001,72.660857,213.121347,250.34,NA,NA,NA,NA,NA,NA,NA,NA,NA,0,0,59.49,100.01,0,211.4,176.522572,0,0,58.5,104.904043,139.37,0,0,172.53,115.31,NA,NA,NA,NA,NA,NA,NA,NA,NA,399,451,463,460,459,581,NA,NA,NA,NA,NA,NA,NA,NA,NA,NA,NA,NA,NA,NA,NA,NA,NA,NA,NA,89,141,164,165,166,281,NA,NA,NA,NA,NA,NA,NA,NA,NA,NA,NA,NA,NA,NA,NA,NA,NA,NA,NA,86.7292189999999,110.433287,116.58473,124.533629,143.161172,148.13,NA,NA,NA,NA,NA,NA,NA,NA,NA,NA,NA,NA,NA,NA,NA,NA,NA,NA,NA,0,0,0,0,0,0,NA,NA,NA,NA,NA,NA,NA,NA,NA,NA,NA,NA,NA,NA,NA,NA,NA,NA,NA
6776,"2Rate","Non",16,6,340.19,291.53,318,392,394,390,405,405,476,505,506,553,556,559,573,568,558,383,NA,NA,NA,NA,NA,NA,NA,NA,NA,12,81,396,397,97,406,477,193,194,554,557,560,263,268,578,587,NA,NA,NA,NA,NA,NA,NA,NA,NA,329.954353,91.0400580000002,165.15,227.29,302.689804,302.689804,322.242136,118.77,84.8880940000001,159.65,245.495342,271.151813,66.1982020000001,92.4138740000001,292.252945,340.19,NA,NA,NA,NA,NA,NA,NA,NA,NA,0,0,115.32,101.15,0,291.53,239.00771,0,0,133.8,145.972094,185.950001,0,0,241.7,221.75,NA,NA,NA,NA,NA,NA,NA,NA,NA,399,451,463,460,459,581,NA,NA,NA,NA,NA,NA,NA,NA,NA,NA,NA,NA,NA,NA,NA,NA,NA,NA,NA,89,141,164,165,166,281,NA,NA,NA,NA,NA,NA,NA,NA,NA,NA,NA,NA,NA,NA,NA,NA,NA,NA,NA,80.9173610000001,153.324338,193.416482,200.111409,215.146036,215.5,NA,NA,NA,NA,NA,NA,NA,NA,NA,NA,NA,NA,NA,NA,NA,NA,NA,NA,NA,0,0,0,0,0,0,NA,NA,NA,NA,NA,NA,NA,NA,NA,NA,NA,NA,NA,NA,NA,NA,NA,NA,NA
6943,"2Rate","Non",18,6,274.751322,251.06,318,392,394,390,405,405,477,477,505,506,553,556,559,573,568,578,578,383,NA,NA,NA,NA,NA,NA,NA,12,81,396,397,97,406,170,171,193,194,554,557,560,263,268,579,581,587,NA,NA,NA,NA,NA,NA,NA,274.751322,55.590972,110.75,150.03,259.959156,259.959156,241.150625,241.150625,108.2,77.2117889999999,92.6399999999999,208.078593,232.141978,41.0741659999999,64.6846179999999,200.100001,200.100001,272.18,NA,NA,NA,NA,NA,NA,NA,0,0,76.74,68.57,0,251.06,0,0,0,0,75.4399999999999,123.214405,158.500001,0,0,83.9698699999999,163.550001,197.32,NA,NA,NA,NA,NA,NA,NA,399,451,463,460,459,581,NA,NA,NA,NA,NA,NA,NA,NA,NA,NA,NA,NA,NA,NA,NA,NA,NA,NA,NA,89,141,164,165,166,281,NA,NA,NA,NA,NA,NA,NA,NA,NA,NA,NA,NA,NA,NA,NA,NA,NA,NA,NA,58.630054,148.420751,177.642548,185.111942,195.916076,163.550001,NA,NA,NA,NA,NA,NA,NA,NA,NA,NA,NA,NA,NA,NA,NA,NA,NA,NA,NA,0,0,0,0,0,0,NA,NA,NA,NA,NA,NA,NA,NA,NA,NA,NA,NA,NA,NA,NA,NA,NA,NA,NA
7081,"2Rate","Non",18,5,285.24,256.82,318,392,394,390,405,405,477,477,505,506,553,556,559,573,568,578,581,383,NA,NA,NA,NA,NA,NA,NA,12,81,396,397,97,406,170,171,193,194,554,557,560,263,268,579,582,587,NA,NA,NA,NA,NA,NA,NA,282.482716,66.5200530000001,123.58,171.71,263.530671,263.530671,244.865442,244.865442,122.45,87.793329,88.71,220.845531,248.04506,86.820782,136.412074,240.249999,200.049999,285.24,NA,NA,NA,NA,NA,NA,NA,0,0,71.0800000000001,89.1900000000001,0,256.82,0,0,0,0,69.7,131.601306,158.62,0,0,110.777801,174.539999,182.9,NA,NA,NA,NA,NA,NA,NA,399,451,463,460,459,NA,NA,NA,NA,NA,NA,NA,NA,NA,NA,NA,NA,NA,NA,NA,NA,NA,NA,NA,NA,89,141,164,165,166,NA,NA,NA,NA,NA,NA,NA,NA,NA,NA,NA,NA,NA,NA,NA,NA,NA,NA,NA,NA,75.180525,136.117493,163.23222,169.25126,179.909708,NA,NA,NA,NA,NA,NA,NA,NA,NA,NA,NA,NA,NA,NA,NA,NA,NA,NA,NA,NA,0,0,0,0,0,NA,NA,NA,NA,NA,NA,NA,NA,NA,NA,NA,NA,NA,NA,NA,NA,NA,NA,NA,NA
7086,"2Rate","Non",16,6,299.13,269.66695,318,392,394,390,386,476,505,506,553,556,559,573,568,578,578,383,NA,NA,NA,NA,NA,NA,NA,NA,NA,12,81,396,397,405,477,193,194,554,557,560,263,268,579,581,587,NA,NA,NA,NA,NA,NA,NA,NA,NA,277.663032,62.785989,131.72,188.15,274.19,284.556922,98.319999,70.131586,86.259999,197.407371,233.438928,81.311091,127.657653,210.439999,210.439999,299.13,NA,NA,NA,NA,NA,NA,NA,NA,NA,0,0,72.95,110.39,269.66695,234.50647,0,0,77.039999,115.650508,133.919999,0,0,121.398334,195.119999,193.42,NA,NA,NA,NA,NA,NA,NA,NA,NA,399,451,463,460,459,581,NA,NA,NA,NA,NA,NA,NA,NA,NA,NA,NA,NA,NA,NA,NA,NA,NA,NA,NA,89,141,164,165,166,281,NA,NA,NA,NA,NA,NA,NA,NA,NA,NA,NA,NA,NA,NA,NA,NA,NA,NA,NA,96.97707,145.135044,161.418136,169.022329,187.015033,195.119999,NA,NA,NA,NA,NA,NA,NA,NA,NA,NA,NA,NA,NA,NA,NA,NA,NA,NA,NA,0,0,0,0,0,0,NA,NA,NA,NA,NA,NA,NA,NA,NA,NA,NA,NA,NA,NA,NA,NA,NA,NA,NA
7158,"2Rate","Non",18,5,299.71,274.46,318,392,394,390,405,405,477,477,505,506,553,556,559,573,568,578,581,383,NA,NA,NA,NA,NA,NA,NA,12,81,396,397,97,406,170,171,193,194,554,557,560,263,268,579,582,587,NA,NA,NA,NA,NA,NA,NA,279.068669,59.651855,119.58,175.85,280.613833,280.613833,241.062699,241.062699,115.980001,82.884,122.100001,215.053513,232.722214,56.799048,89.423094,215.64,169.02,299.71,NA,NA,NA,NA,NA,NA,NA,0,0,86.04,112.81,0,274.46,0,0,0,0,92.930001,127.061555,107.25,0,0,128.69161,116.93,216.25,NA,NA,NA,NA,NA,NA,NA,399,451,463,460,459,NA,NA,NA,NA,NA,NA,NA,NA,NA,NA,NA,NA,NA,NA,NA,NA,NA,NA,NA,NA,89,141,164,165,166,NA,NA,NA,NA,NA,NA,NA,NA,NA,NA,NA,NA,NA,NA,NA,NA,NA,NA,NA,NA,92.733264,132.684587,141.672304,150.844005,169.534593,NA,NA,NA,NA,NA,NA,NA,NA,NA,NA,NA,NA,NA,NA,NA,NA,NA,NA,NA,NA,0,0,0,0,0,NA,NA,NA,NA,NA,NA,NA,NA,NA,NA,NA,NA,NA,NA,NA,NA,NA,NA,NA,NA
7172,"2Rate","Non",17,5,292.67,258.43,318,392,394,397,399,405,405,476,505,506,553,556,559,573,568,558,383,NA,NA,NA,NA,NA,NA,NA,NA,12,81,396,398,400,97,406,477,193,194,554,557,560,263,268,578,587,NA,NA,NA,NA,NA,NA,NA,NA,288.441391,62.156639,138.44,136.55,111.69331,253.012894,253.012894,274.449205,88.649999,62.237308,100.850001,198.493014,213.7561,51.613464,80.4636869999999,239.834618,292.67,NA,NA,NA,NA,NA,NA,NA,NA,0,0,83.12,34.05,68.32,0,228.73,217.091674,0,0,63.720001,116.92867,113.75,0,0,181.63,258.43,NA,NA,NA,NA,NA,NA,NA,NA,451,463,460,459,581,NA,NA,NA,NA,NA,NA,NA,NA,NA,NA,NA,NA,NA,NA,NA,NA,NA,NA,NA,NA,141,164,165,166,281,NA,NA,NA,NA,NA,NA,NA,NA,NA,NA,NA,NA,NA,NA,NA,NA,NA,NA,NA,NA,116.985757,138.112931,143.923148,156.429507,173.35,NA,NA,NA,NA,NA,NA,NA,NA,NA,NA,NA,NA,NA,NA,NA,NA,NA,NA,NA,NA,0,0,0,0,0,NA,NA,NA,NA,NA,NA,NA,NA,NA,NA,NA,NA,NA,NA,NA,NA,NA,NA,NA,NA
7218,"2Rate","Non",17,6,315.025207,245.66,318,392,394,390,405,405,477,477,505,506,553,556,559,573,568,558,383,NA,NA,NA,NA,NA,NA,NA,NA,12,81,396,397,97,406,170,171,193,194,554,557,560,263,268,578,587,NA,NA,NA,NA,NA,NA,NA,NA,315.025207,68.4818899999999,138.07,200.86,284.734276,284.734276,287.67529,287.67529,84.080001,59.292358,84.929999,254.273517,266.607732,65.6645479999999,103.384305,288.975662,311.7,NA,NA,NA,NA,NA,NA,NA,NA,0,0,90.9199999999999,100.26,0,245.66,0,0,0,0,65.8299989999999,153.218429,136.49,0,0,208.21,209.4,NA,NA,NA,NA,NA,NA,NA,NA,399,451,463,460,459,581,NA,NA,NA,NA,NA,NA,NA,NA,NA,NA,NA,NA,NA,NA,NA,NA,NA,NA,NA,89,141,164,165,166,281,NA,NA,NA,NA,NA,NA,NA,NA,NA,NA,NA,NA,NA,NA,NA,NA,NA,NA,NA,85.505912,135.079496,158.85024,165.943288,178.049472,201.49,NA,NA,NA,NA,NA,NA,NA,NA,NA,NA,NA,NA,NA,NA,NA,NA,NA,NA,NA,0,0,0,0,0,0,NA,NA,NA,NA,NA,NA,NA,NA,NA,NA,NA,NA,NA,NA,NA,NA,NA,NA,NA
7429,"2Rate","Non",18,5,292.24,253.92,318,392,394,397,397,405,405,476,505,506,553,556,559,573,568,578,581,383,NA,NA,NA,NA,NA,NA,NA,12,81,396,398,399,97,406,477,193,194,554,557,560,263,268,579,582,587,NA,NA,NA,NA,NA,NA,NA,280.659996,76.049624,146.66,120.81,120.81,268.490543,268.490543,269.786341,92.069999,65.355743,100.08,204.737423,232.021102,67.9376609999999,106.899976,209.08,198.73,292.24,NA,NA,NA,NA,NA,NA,NA,0,0,76.1299999999999,60.51,97.097294,0,253.92,226.666677,0,0,62.54,120.883265,159.57,0,0,127.47085,146.49,199.56,NA,NA,NA,NA,NA,NA,NA,399,451,463,460,459,NA,NA,NA,NA,NA,NA,NA,NA,NA,NA,NA,NA,NA,NA,NA,NA,NA,NA,NA,NA,89,141,164,165,166,NA,NA,NA,NA,NA,NA,NA,NA,NA,NA,NA,NA,NA,NA,NA,NA,NA,NA,NA,NA,97.097294,142.861995,165.295977,173.690325,187.549843,NA,NA,NA,NA,NA,NA,NA,NA,NA,NA,NA,NA,NA,NA,NA,NA,NA,NA,NA,NA,0,0,0,0,0,NA,NA,NA,NA,NA,NA,NA,NA,NA,NA,NA,NA,NA,NA,NA,NA,NA,NA,NA,NA
7434,"2Rate","Non",18,4,287.45,263.54,318,392,394,397,399,405,405,476,505,506,553,556,559,573,568,578,581,383,NA,NA,NA,NA,NA,NA,NA,12,81,396,398,400,97,406,477,193,194,554,557,560,263,268,579,582,587,NA,NA,NA,NA,NA,NA,NA,276.975038,67.1371280000001,123.68,147.3,114.091829,271.18311,271.18311,260.93892,85.779999,61.1030060000001,79.1199990000001,194.050659,221.683107,69.10213,108.609666,213.549999,210.339999,287.45,NA,NA,NA,NA,NA,NA,NA,0,0,69.1200000000001,26.9900000000001,50.2300000000001,0,263.54,207.210961,0,0,62.9999990000001,114.400791,124.579999,0,0,121.982354,126.689999,193.7,NA,NA,NA,NA,NA,NA,NA,451,463,460,459,NA,NA,NA,NA,NA,NA,NA,NA,NA,NA,NA,NA,NA,NA,NA,NA,NA,NA,NA,NA,NA,141,164,165,166,NA,NA,NA,NA,NA,NA,NA,NA,NA,NA,NA,NA,NA,NA,NA,NA,NA,NA,NA,NA,NA,159.069064,189.819551,197.761199,210.468552,NA,NA,NA,NA,NA,NA,NA,NA,NA,NA,NA,NA,NA,NA,NA,NA,NA,NA,NA,NA,NA,0,0,0,0,NA,NA,NA,NA,NA,NA,NA,NA,NA,NA,NA,NA,NA,NA,NA,NA,NA,NA,NA,NA,NA
7438,"2Rate","Non",18,6,321.06,291.08,318,392,394,390,405,405,477,477,505,506,553,556,559,573,568,578,578,383,NA,NA,NA,NA,NA,NA,NA,12,81,396,397,97,406,170,171,193,194,554,557,560,263,268,579,581,587,NA,NA,NA,NA,NA,NA,NA,310.536927,58.736119,126.97,183.84,299.987076,299.987076,270.439459,270.439459,99.6499990000001,70.5478390000001,105.49,235.588257,260.057182,82.2657400000001,129.352826,227.85,227.85,321.06,NA,NA,NA,NA,NA,NA,NA,0,0,88.55,112.55,0,291.08,0,0,0,0,68.3500000000001,139.213051,141.940001,0,0,127.694268,211.79,159.55,NA,NA,NA,NA,NA,NA,NA,399,451,463,460,459,581,NA,NA,NA,NA,NA,NA,NA,NA,NA,NA,NA,NA,NA,NA,NA,NA,NA,NA,NA,89,141,164,165,166,281,NA,NA,NA,NA,NA,NA,NA,NA,NA,NA,NA,NA,NA,NA,NA,NA,NA,NA,NA,83.4299,168.758453,203.406295,211.339368,222.803327,211.79,NA,NA,NA,NA,NA,NA,NA,NA,NA,NA,NA,NA,NA,NA,NA,NA,NA,NA,NA,0,0,0,0,0,0,NA,NA,NA,NA,NA,NA,NA,NA,NA,NA,NA,NA,NA,NA,NA,NA,NA,NA,NA
7454,"2Rate","Non",17,5,285.99,252.31,318,392,394,390,405,405,476,505,506,553,556,559,573,568,578,581,383,NA,NA,NA,NA,NA,NA,NA,NA,12,81,396,397,97,406,477,193,194,554,557,560,263,268,579,582,587,NA,NA,NA,NA,NA,NA,NA,NA,285.228657,54.8378569999999,118.02,156.49,251.034861,251.034861,267.692884,103.52,73.843235,104.7,205.837692,232.638974,38.8669899999999,61.208229,226.6,205.12,285.99,NA,NA,NA,NA,NA,NA,NA,NA,0,0,81.2099999999999,88.4399999999999,0,243.1,218.734899,0,0,73.7699999999999,121.987545,150.84,0,0,198.676622,172.38,252.31,NA,NA,NA,NA,NA,NA,NA,NA,399,451,463,460,459,NA,NA,NA,NA,NA,NA,NA,NA,NA,NA,NA,NA,NA,NA,NA,NA,NA,NA,NA,NA,89,141,164,165,166,NA,NA,NA,NA,NA,NA,NA,NA,NA,NA,NA,NA,NA,NA,NA,NA,NA,NA,NA,NA,71.271228,137.484852,159.610254,167.10672,180.414942,NA,NA,NA,NA,NA,NA,NA,NA,NA,NA,NA,NA,NA,NA,NA,NA,NA,NA,NA,NA,0,0,0,0,0,NA,NA,NA,NA,NA,NA,NA,NA,NA,NA,NA,NA,NA,NA,NA,NA,NA,NA,NA,NA
7510,"2Rate","Non",19,5,284.33,246.07,318,392,394,397,397,405,405,477,477,505,506,553,556,559,573,568,578,581,383,NA,NA,NA,NA,NA,NA,12,81,396,398,399,97,406,170,171,193,194,554,557,560,263,268,579,582,587,NA,NA,NA,NA,NA,NA,261.643023,52.788535,109.59,105.95,105.95,257.944776,257.944776,234.181381,234.181381,86.0000000000001,60.8918420000001,90.0300000000001,205.58701,229.732194,46.198222,72.7436950000001,217.43,199.8,284.33,NA,NA,NA,NA,NA,NA,0,0,77.86,32.9,79.3613,0,246.07,0,0,0,0,76.9700000000001,121.417271,124.299999,0,0,106.144406,146.75,242.52,NA,NA,NA,NA,NA,NA,399,451,463,460,459,NA,NA,NA,NA,NA,NA,NA,NA,NA,NA,NA,NA,NA,NA,NA,NA,NA,NA,NA,NA,89,141,164,165,166,NA,NA,NA,NA,NA,NA,NA,NA,NA,NA,NA,NA,NA,NA,NA,NA,NA,NA,NA,NA,79.3613,125.1101,152.31836,155.612355,165.481187,NA,NA,NA,NA,NA,NA,NA,NA,NA,NA,NA,NA,NA,NA,NA,NA,NA,NA,NA,NA,0,0,0,0,0,NA,NA,NA,NA,NA,NA,NA,NA,NA,NA,NA,NA,NA,NA,NA,NA,NA,NA,NA,NA
7631,"2Rate","Non",17,5,333.07,300.68,318,392,394,390,405,405,476,505,506,553,556,559,573,568,578,581,383,NA,NA,NA,NA,NA,NA,NA,NA,12,81,396,397,97,406,477,193,194,554,557,560,263,268,579,582,587,NA,NA,NA,NA,NA,NA,NA,NA,290.186206,66.920088,158.03,195.65,311.834877,311.834877,298.018659,93.899999,67.967203,118.840001,207.078334,249.996919,93.978259,136.947406,248.98,219.2,333.07,NA,NA,NA,NA,NA,NA,NA,NA,0,0,73.32,125.99,0,300.68,137.463706,0,0,100.880001,133.32533,134.899999,0,0,105.490766,177.17,173.21,NA,NA,NA,NA,NA,NA,NA,NA,399,451,463,460,459,NA,NA,NA,NA,NA,NA,NA,NA,NA,NA,NA,NA,NA,NA,NA,NA,NA,NA,NA,NA,89,141,164,165,166,NA,NA,NA,NA,NA,NA,NA,NA,NA,NA,NA,NA,NA,NA,NA,NA,NA,NA,NA,NA,98.474437,139.520966,203.078413,209.334255,221.53047,NA,NA,NA,NA,NA,NA,NA,NA,NA,NA,NA,NA,NA,NA,NA,NA,NA,NA,NA,NA,0,0,0,0,0,NA,NA,NA,NA,NA,NA,NA,NA,NA,NA,NA,NA,NA,NA,NA,NA,NA,NA,NA,NA
7792,"2Rate","Non",18,4,282.79,263.27,318,392,394,397,399,405,405,476,505,506,553,556,559,573,568,578,581,383,NA,NA,NA,NA,NA,NA,NA,12,81,396,398,400,97,406,477,193,194,554,557,560,263,268,579,582,587,NA,NA,NA,NA,NA,NA,NA,265.148258,80.669148,162.02,167.35,128.048012,274.031261,274.031261,271.212557,107.64,78.0461589999999,74.79,203.1557,233.311449,40.2509669999999,62.4817639999999,222.639999,197.059999,282.79,NA,NA,NA,NA,NA,NA,NA,0,0,69.91,59.22,57.9,0,263.27,225.446296,0,0,68.9999999999999,119.777197,147.23,0,0,131.6223,145.869999,235.4,NA,NA,NA,NA,NA,NA,NA,451,463,460,459,NA,NA,NA,NA,NA,NA,NA,NA,NA,NA,NA,NA,NA,NA,NA,NA,NA,NA,NA,NA,NA,141,164,165,166,NA,NA,NA,NA,NA,NA,NA,NA,NA,NA,NA,NA,NA,NA,NA,NA,NA,NA,NA,NA,NA,152.853612,187.52804,195.477214,207.908947,NA,NA,NA,NA,NA,NA,NA,NA,NA,NA,NA,NA,NA,NA,NA,NA,NA,NA,NA,NA,NA,0,0,0,0,NA,NA,NA,NA,NA,NA,NA,NA,NA,NA,NA,NA,NA,NA,NA,NA,NA,NA,NA,NA,NA
7830,"2Rate","Non",17,5,281.3,243.52,318,392,394,390,405,405,476,505,506,553,556,559,573,568,578,581,383,NA,NA,NA,NA,NA,NA,NA,NA,12,81,396,397,97,406,477,193,194,554,557,560,263,268,579,582,587,NA,NA,NA,NA,NA,NA,NA,NA,278.883806,68.271455,117.62,178.09,247.519816,247.519816,258.077161,109.87,78.657279,88.45,195.581811,228.13543,82.156435,129.016297,219.01,188.22,281.3,NA,NA,NA,NA,NA,NA,NA,NA,0,0,90.94,76.99,0,243.52,215.421687,0,0,81.53,115.306495,148.57,0,0,119.283304,145.16,193.34,NA,NA,NA,NA,NA,NA,NA,NA,399,451,463,460,459,NA,NA,NA,NA,NA,NA,NA,NA,NA,NA,NA,NA,NA,NA,NA,NA,NA,NA,NA,NA,89,141,164,165,166,NA,NA,NA,NA,NA,NA,NA,NA,NA,NA,NA,NA,NA,NA,NA,NA,NA,NA,NA,NA,62.392388,136.680436,162.271197,168.974356,180.433792,NA,NA,NA,NA,NA,NA,NA,NA,NA,NA,NA,NA,NA,NA,NA,NA,NA,NA,NA,NA,0,0,0,0,0,NA,NA,NA,NA,NA,NA,NA,NA,NA,NA,NA,NA,NA,NA,NA,NA,NA,NA,NA,NA
7928,"2Rate","Non",18,4,279.89,243.52,318,392,394,397,399,405,405,476,505,506,553,556,559,573,568,578,581,383,NA,NA,NA,NA,NA,NA,NA,12,81,396,398,400,97,406,477,193,194,554,557,560,263,268,579,582,587,NA,NA,NA,NA,NA,NA,NA,253.667618,81.2983539999999,162.75,131.38,96.7448029999999,261.646295,261.646295,260.734302,76.5199999999999,53.2907529999999,90.6499989999999,192.839634,224.642748,85.327098,129.511243,219.13,171.43,279.89,NA,NA,NA,NA,NA,NA,NA,0,0,105.84,29.0699999999999,48.5199999999999,0,243.52,191.105869,0,0,76.8399989999999,115.541069,137.179999,0,0,116.488185,146.26,204.51,NA,NA,NA,NA,NA,NA,NA,451,463,460,459,NA,NA,NA,NA,NA,NA,NA,NA,NA,NA,NA,NA,NA,NA,NA,NA,NA,NA,NA,NA,NA,141,164,165,166,NA,NA,NA,NA,NA,NA,NA,NA,NA,NA,NA,NA,NA,NA,NA,NA,NA,NA,NA,NA,NA,116.412532,139.13919,144.772709,158.366586,NA,NA,NA,NA,NA,NA,NA,NA,NA,NA,NA,NA,NA,NA,NA,NA,NA,NA,NA,NA,NA,0,0,0,0,NA,NA,NA,NA,NA,NA,NA,NA,NA,NA,NA,NA,NA,NA,NA,NA,NA,NA,NA,NA,NA
8051,"2Rate","Non",18,5,253.29,228.34,318,392,394,397,399,405,405,476,505,506,553,556,559,573,568,578,578,383,NA,NA,NA,NA,NA,NA,NA,12,81,396,398,400,97,406,477,193,194,554,557,560,263,268,579,581,587,NA,NA,NA,NA,NA,NA,NA,238.820984,54.951451,114.93,120.84,62.9690239999999,232.954919,232.954919,244.736744,85,59.058402,87.909999,188.613459,209.696868,50.980591,74.037078,191.91,191.91,253.29,NA,NA,NA,NA,NA,NA,NA,0,0,78.02,42.3399999999999,22.42,0,228.34,190.263673,0,0,79.259999,113.224235,127.8,0,0,153.352488,159.55,156.31,NA,NA,NA,NA,NA,NA,NA,451,463,460,459,581,NA,NA,NA,NA,NA,NA,NA,NA,NA,NA,NA,NA,NA,NA,NA,NA,NA,NA,NA,NA,141,164,165,166,281,NA,NA,NA,NA,NA,NA,NA,NA,NA,NA,NA,NA,NA,NA,NA,NA,NA,NA,NA,NA,123.553795,145.479696,154.211428,168.17113,159.55,NA,NA,NA,NA,NA,NA,NA,NA,NA,NA,NA,NA,NA,NA,NA,NA,NA,NA,NA,NA,0,0,0,0,0,NA,NA,NA,NA,NA,NA,NA,NA,NA,NA,NA,NA,NA,NA,NA,NA,NA,NA,NA,NA
8106,"2Rate","Non",16,6,282.04,223.66089,318,392,394,390,405,405,476,505,506,553,556,559,573,568,558,383,NA,NA,NA,NA,NA,NA,NA,NA,NA,12,81,396,397,97,406,477,193,194,554,557,560,263,268,578,587,NA,NA,NA,NA,NA,NA,NA,NA,NA,275.13926,69.622479,116.35,197.87,261.28626,261.28626,266.097222,115.989999,83.2247180000001,103.32,197.93055,213.997651,64.0482690000001,100.730128,238.151222,282.04,NA,NA,NA,NA,NA,NA,NA,NA,NA,0,0,65.37,121.65,0,216.48,223.66089,0,0,63.67,116.615969,100.61,0,0,177.16,189.15,NA,NA,NA,NA,NA,NA,NA,NA,NA,399,451,463,460,459,581,NA,NA,NA,NA,NA,NA,NA,NA,NA,NA,NA,NA,NA,NA,NA,NA,NA,NA,NA,89,141,164,165,166,281,NA,NA,NA,NA,NA,NA,NA,NA,NA,NA,NA,NA,NA,NA,NA,NA,NA,NA,NA,100.878216,123.687735,144.658921,150.732986,162.418197,151.4,NA,NA,NA,NA,NA,NA,NA,NA,NA,NA,NA,NA,NA,NA,NA,NA,NA,NA,NA,0,0,0,0,0,0,NA,NA,NA,NA,NA,NA,NA,NA,NA,NA,NA,NA,NA,NA,NA,NA,NA,NA,NA
8159,"2Rate","Non",17,6,293.89,267.45,318,392,394,390,405,405,477,477,505,506,553,556,559,573,568,558,383,NA,NA,NA,NA,NA,NA,NA,NA,12,81,396,397,97,406,170,171,193,194,554,557,560,263,268,578,587,NA,NA,NA,NA,NA,NA,NA,NA,288.009398,69.456887,129.78,163.81,276.03452,276.03452,255.100585,255.100585,112.589999,80.483592,104.98,215.852774,234.164638,62.9004219999999,98.9179909999999,259.384167,293.89,NA,NA,NA,NA,NA,NA,NA,NA,0,0,95.12,98.55,0,267.45,0,0,0,0,88.01,127.090157,132.070001,0,0,175.07,192.55,NA,NA,NA,NA,NA,NA,NA,NA,399,451,463,460,459,581,NA,NA,NA,NA,NA,NA,NA,NA,NA,NA,NA,NA,NA,NA,NA,NA,NA,NA,NA,89,141,164,165,166,281,NA,NA,NA,NA,NA,NA,NA,NA,NA,NA,NA,NA,NA,NA,NA,NA,NA,NA,NA,87.179321,142.449737,159.778783,167.557412,184.655654,164.09,NA,NA,NA,NA,NA,NA,NA,NA,NA,NA,NA,NA,NA,NA,NA,NA,NA,NA,NA,0,0,0,0,0,0,NA,NA,NA,NA,NA,NA,NA,NA,NA,NA,NA,NA,NA,NA,NA,NA,NA,NA,NA
8222,"2Rate","Non",17,6,277.4,220.022615,318,392,394,390,405,406,406,476,505,506,553,556,559,573,568,558,383,NA,NA,NA,NA,NA,NA,NA,NA,12,81,396,397,97,407,475,477,193,194,554,557,560,263,268,578,587,NA,NA,NA,NA,NA,NA,NA,NA,273.571093,60.4905639999999,94.79,161.75,256.827456,249.39,249.39,263.106066,92.6099989999999,64.2278039999999,73.8399989999999,191.854464,213.163292,63.5493399999999,95.1231449999999,235.680545,277.4,NA,NA,NA,NA,NA,NA,NA,NA,0,0,70.03,94.15,0,220.022615,36.86,197.071002,0,0,54.0599989999999,111.862042,114.559999,0,0,192.149999,161.54,NA,NA,NA,NA,NA,NA,NA,NA,399,451,463,460,459,581,NA,NA,NA,NA,NA,NA,NA,NA,NA,NA,NA,NA,NA,NA,NA,NA,NA,NA,NA,89,141,164,165,166,281,NA,NA,NA,NA,NA,NA,NA,NA,NA,NA,NA,NA,NA,NA,NA,NA,NA,NA,NA,82.921229,118.694643,141.723279,148.084659,161.440591,138.839999,NA,NA,NA,NA,NA,NA,NA,NA,NA,NA,NA,NA,NA,NA,NA,NA,NA,NA,NA,0,0,0,0,0,0,NA,NA,NA,NA,NA,NA,NA,NA,NA,NA,NA,NA,NA,NA,NA,NA,NA,NA,NA
8301,"2Rate","Non",18,6,298.78,247.3,318,392,394,397,397,405,405,476,505,506,553,556,559,573,568,578,578,383,NA,NA,NA,NA,NA,NA,NA,12,81,396,398,399,97,406,477,193,194,554,557,560,263,268,579,581,587,NA,NA,NA,NA,NA,NA,NA,288.095662,60.176142,115.46,118.4,118.4,264.461216,264.461216,272.601483,65.6899999999999,46.273232,76.2099999999999,197.911338,232.014126,51.123543,80.517369,190.23,190.23,298.78,NA,NA,NA,NA,NA,NA,NA,0,0,74.93,43.48,96.616737,0,247.3,221.126029,0,0,62.1699999999999,116.246659,172.99,0,0,86.791413,168.04,120.17,NA,NA,NA,NA,NA,NA,NA,399,451,463,460,459,581,NA,NA,NA,NA,NA,NA,NA,NA,NA,NA,NA,NA,NA,NA,NA,NA,NA,NA,NA,89,141,164,165,166,281,NA,NA,NA,NA,NA,NA,NA,NA,NA,NA,NA,NA,NA,NA,NA,NA,NA,NA,NA,96.616737,130.918827,144.250769,152.015279,168.622445,168.04,NA,NA,NA,NA,NA,NA,NA,NA,NA,NA,NA,NA,NA,NA,NA,NA,NA,NA,NA,0,0,0,0,0,0,NA,NA,NA,NA,NA,NA,NA,NA,NA,NA,NA,NA,NA,NA,NA,NA,NA,NA,NA
8328,"2Rate","Non",16,6,349.24,304.12,318,392,394,390,405,405,476,505,506,553,556,559,573,568,558,383,NA,NA,NA,NA,NA,NA,NA,NA,NA,12,81,396,397,97,406,477,193,194,554,557,560,263,268,578,587,NA,NA,NA,NA,NA,NA,NA,NA,NA,331.779309,91.4527949999999,190.05,231.65,325.922042,325.922042,329.707516,96.2399999999998,68.3263429999998,102.12,240.641664,265.736373,79.4079749999999,115.063481,293.732304,349.24,NA,NA,NA,NA,NA,NA,NA,NA,NA,0,0,106.86,126.6,0,299.38,246.054844,0,0,90.4599999999998,139.919924,151.23,0,0,231.52,304.12,NA,NA,NA,NA,NA,NA,NA,NA,NA,399,451,463,460,459,581,NA,NA,NA,NA,NA,NA,NA,NA,NA,NA,NA,NA,NA,NA,NA,NA,NA,NA,NA,89,141,164,165,166,281,NA,NA,NA,NA,NA,NA,NA,NA,NA,NA,NA,NA,NA,NA,NA,NA,NA,NA,NA,111.206713,155.263241,179.888292,188.421721,208.836892,212.61,NA,NA,NA,NA,NA,NA,NA,NA,NA,NA,NA,NA,NA,NA,NA,NA,NA,NA,NA,0,0,0,0,0,0,NA,NA,NA,NA,NA,NA,NA,NA,NA,NA,NA,NA,NA,NA,NA,NA,NA,NA,NA
